invoice_number,product_id,item_count,retail_price
1001,1e848585-42f1-48c4-87a8-1981d0a7ce68,19,76.75
1001,b17342a2-f5df-4583-8d8d-7777bbc4b76c,18,9.27
1001,a3d57017-2065-4ad7-a722-58244bf9a06b,20,88.46
1001,3f879073-3a9c-4bed-8812-a0fca6bd6334,11,35.36
1001,0681cab2-a5a1-4ec0-bbd6-acb819d6b2f8,7,24.79
1001,56e060bc-d11b-49a7-a025-a02b9978eb78,4,44.94
1001,be5eafa5-99ba-4cd3-b71d-b9c5b0dd76ea,11,79.24
1001,7ec5228e-0e1a-4fdc-a5b3-919a6ae2e695,17,69.35
1002,1d6f626f-38f3-4088-96ae-1c2dc7b682d4,6,31.51
1002,3082cc54-5f25-4e3c-b368-4e8e69d55049,6,9.28
1002,93024067-2c48-4bfb-9b23-cf9775e69932,5,57.39
1002,dc4a8770-1bed-4709-a853-7c318e33622a,1,62.53
1002,8a5826dd-a9d9-4e9b-aa96-a7d1bb55a2fb,19,46.63
1002,d28feae2-229f-4e2c-88cd-a16d055c098c,11,58.16
1002,ff1427e3-56b2-4943-a770-2f64a20b4d5c,17,43.78
1002,575ff7ba-c0ff-41cd-9082-2eeefb03ea93,4,59.54
1002,b343fb2c-600b-47ca-9d83-664d3491cafe,9,11.94
1002,4a0a9caf-20fa-448d-9c44-4373f183b680,20,3.75
1002,93024067-2c48-4bfb-9b23-cf9775e69932,1,57.39
1002,e44369a2-243d-4f3d-8468-c1c64d630c75,10,70.37
1003,9bff7610-75ce-4138-a28a-31bc5d65b4c8,7,61.39
1003,4b109920-36de-430a-b0b3-35eab744df34,20,33.36
1003,7f8b2086-7a1b-4302-b4d7-880e4620fa0c,5,2.2
1003,8820d77f-fe2d-47f7-a17b-1857cd24e7ce,6,
1003,b244aa4f-b282-4ada-8623-4989b37d6656,3,15.07
1003,0b18e076-e4ad-40fc-8973-fd7169e662d6,9,5.23
1003,4cada984-9349-4b8a-9d0a-023e95137ef7,6,
1003,4b85349d-7dde-4074-9642-1c9c1f5e02e5,14,17.22
1003,929ae7bf-ad26-4e39-913a-3c2d89a6909f,5,30.02
1004,d7442445-937c-4c51-b7c3-b0d6384c947f,19,79.68
1004,f222887c-b71f-4979-a318-935ec036d898,4,18.38
1004,4b85349d-7dde-4074-9642-1c9c1f5e02e5,18,17.22
1004,565da6b9-811e-4b09-b593-f381285124c6,18,63.74
1004,3650858c-14c6-4fbd-b04f-681d9ea1eaf1,6,36.27
1004,ec699450-dcd0-4ca0-af29-2655239a9a19,1,4.6
1004,6ca0bc7e-447f-417e-b0a0-6e9f7af56348,18,52.9
1004,5984e855-c842-4be2-83df-25aefa6fe2b2,4,24.53
1004,1e848585-42f1-48c4-87a8-1981d0a7ce68,16,76.75
1004,c724a0df-df86-4cc4-bc0e-31b672843e77,12,49.47
1004,3c2d38ea-7f15-41b9-8f47-2ffdbff0a370,10,51.44
1004,a308e5be-2b43-4f34-9734-5eb72d3056c9,6,
1004,e44369a2-243d-4f3d-8468-c1c64d630c75,2,70.37
1004,889ac4bc-4ae5-43a3-9a8b-7edd922cb9b3,20,
1005,5c9f23e1-361a-4cb8-ac26-a42c0b34daf6,6,24.45
1005,0878662f-de11-4bc5-8759-45cf270e548d,17,42.42
1005,47c4f2b1-fdb1-44c1-a076-9893b7c90c69,6,48.93
1005,8a5826dd-a9d9-4e9b-aa96-a7d1bb55a2fb,16,46.63
1005,889ac4bc-4ae5-43a3-9a8b-7edd922cb9b3,10,
1005,4840e2ac-9969-43c1-8bf9-bd1319ff88ad,7,1.43
1005,929ae7bf-ad26-4e39-913a-3c2d89a6909f,7,30.02
1005,927dab0f-3c3f-4424-9b78-0254e41c66d2,20,95.6
1005,5c9f23e1-361a-4cb8-ac26-a42c0b34daf6,15,24.45
1005,dc4a8770-1bed-4709-a853-7c318e33622a,12,62.53
1005,e8be28d0-8d7c-405a-b95b-76632b8451e5,15,57.32
1005,c552ccd8-fd38-4951-a184-79c66d52c2ff,8,22.98
1006,c552ccd8-fd38-4951-a184-79c66d52c2ff,8,22.98
1006,550c3ca1-a22e-44fd-b5b3-d93bbca4d87f,20,76.87
1006,4b85349d-7dde-4074-9642-1c9c1f5e02e5,19,17.22
1006,b343fb2c-600b-47ca-9d83-664d3491cafe,1,11.94
1006,7d829d81-f579-45cc-acbe-8e03bf98095d,2,95.42
1006,3650858c-14c6-4fbd-b04f-681d9ea1eaf1,5,36.27
1006,422a44ea-c65b-4e88-89bc-fd17cdfb910d,4,
1006,d28feae2-229f-4e2c-88cd-a16d055c098c,10,58.16
1006,d63b0116-e6ec-4c6b-9cec-47d85a5bd07e,12,25.18
1007,1d6f626f-38f3-4088-96ae-1c2dc7b682d4,20,31.51
1007,47c4f2b1-fdb1-44c1-a076-9893b7c90c69,3,48.93
1007,0b18e076-e4ad-40fc-8973-fd7169e662d6,12,5.23
1007,52d4d0ab-bf4a-434b-a9b0-f4b364873627,13,96.65
1007,e0a3ba5d-5301-422b-8b96-d3c4b61d2109,17,8.58
1007,6ca0bc7e-447f-417e-b0a0-6e9f7af56348,18,52.9
1007,4a0a9caf-20fa-448d-9c44-4373f183b680,8,3.75
1007,7f48540b-b8a5-4263-b3b4-78c38f51544f,1,49.36
1007,9bff7610-75ce-4138-a28a-31bc5d65b4c8,2,61.39
1007,0b18e076-e4ad-40fc-8973-fd7169e662d6,3,5.23
1007,8a77f5b9-cbdf-44d4-bdda-e31ca7703803,16,40.71
1007,2abfb4bd-687e-4d40-ac6c-eafb693e1220,17,41.99
1007,d3fbd332-b244-4170-a5c9-a65e727ca9d5,10,20.8
1007,3082cc54-5f25-4e3c-b368-4e8e69d55049,19,9.28
1008,ec699450-dcd0-4ca0-af29-2655239a9a19,5,4.6
1008,21797e0e-4600-4fd9-8ca4-6d215c5a84d0,2,39.41
1008,5c9f23e1-361a-4cb8-ac26-a42c0b34daf6,5,24.45
1008,f9fc92ef-ce0d-4ea1-97b6-44806af9bb83,20,62.04
1008,a3d57017-2065-4ad7-a722-58244bf9a06b,17,88.46
1008,2ff97c53-c1d5-4ec7-8c6e-d593f4d60337,8,94.2
1008,c552ccd8-fd38-4951-a184-79c66d52c2ff,16,22.98
1008,3082cc54-5f25-4e3c-b368-4e8e69d55049,18,9.28
1009,3c3a4846-4cfa-49b7-967b-71d7e5e95388,14,86.22
1009,3082cc54-5f25-4e3c-b368-4e8e69d55049,16,9.28
1010,927dab0f-3c3f-4424-9b78-0254e41c66d2,5,95.6
1010,ed9df682-22b3-47ef-8fc7-74d745d30a60,19,35.01
1010,ea8e0dc2-dc44-4f2f-8b71-9fbf374b5639,16,54.84
1010,3082cc54-5f25-4e3c-b368-4e8e69d55049,3,9.28
1010,d7442445-937c-4c51-b7c3-b0d6384c947f,9,79.68
1010,454d8ac9-31bf-4a29-9c9e-11b020e90385,15,67.65
1010,05342617-f3bf-47d5-a704-54d08ff4796b,2,30.37
1011,929ae7bf-ad26-4e39-913a-3c2d89a6909f,12,30.02
1011,e44369a2-243d-4f3d-8468-c1c64d630c75,13,70.37
1011,3650858c-14c6-4fbd-b04f-681d9ea1eaf1,3,36.27
1011,8a5826dd-a9d9-4e9b-aa96-a7d1bb55a2fb,2,46.63
1012,8a5826dd-a9d9-4e9b-aa96-a7d1bb55a2fb,9,46.63
1012,4519f21d-200a-40a0-8d2f-06fd853f5153,18,64.94
1012,5984e855-c842-4be2-83df-25aefa6fe2b2,1,24.53
1012,eedeb762-e0c0-4b66-974d-d0aef5d3b215,17,37.03
1012,45c2fc66-26e4-4de9-acd7-a7a408b3740e,9,7.3
1012,2ff97c53-c1d5-4ec7-8c6e-d593f4d60337,7,94.2
1012,b343fb2c-600b-47ca-9d83-664d3491cafe,5,11.94
1012,4a0a9caf-20fa-448d-9c44-4373f183b680,2,3.75
1012,56babced-b085-4d77-8ede-ab43a1f65202,7,65.51
1013,3082cc54-5f25-4e3c-b368-4e8e69d55049,2,9.28
1013,f9fc92ef-ce0d-4ea1-97b6-44806af9bb83,2,62.04
1013,be3ade9c-b596-49e9-bc90-7dd61435f18b,14,47.61
1013,4a0a9caf-20fa-448d-9c44-4373f183b680,10,3.75
1013,4519f21d-200a-40a0-8d2f-06fd853f5153,4,64.94
1013,eedeb762-e0c0-4b66-974d-d0aef5d3b215,20,37.03
1013,a308e5be-2b43-4f34-9734-5eb72d3056c9,17,
1013,d63b0116-e6ec-4c6b-9cec-47d85a5bd07e,20,25.18
1013,f9fc92ef-ce0d-4ea1-97b6-44806af9bb83,18,62.04
1013,56e060bc-d11b-49a7-a025-a02b9978eb78,3,44.94
1013,5c9f23e1-361a-4cb8-ac26-a42c0b34daf6,19,24.45
1013,21797e0e-4600-4fd9-8ca4-6d215c5a84d0,12,39.41
1013,d3fbd332-b244-4170-a5c9-a65e727ca9d5,16,20.8
1013,d28feae2-229f-4e2c-88cd-a16d055c098c,13,58.16
1014,454d8ac9-31bf-4a29-9c9e-11b020e90385,9,67.65
1014,e64cb005-da25-4bba-9515-c9f22fc5c0ac,15,22.04
1014,b5efc8ee-a2be-4812-bb74-029376908811,2,62.22
1014,dc5f7bad-fa34-41b4-90f4-929a3382ff5f,7,94.78
1014,7f8b2086-7a1b-4302-b4d7-880e4620fa0c,16,2.2
1014,422a44ea-c65b-4e88-89bc-fd17cdfb910d,5,
1015,be5eafa5-99ba-4cd3-b71d-b9c5b0dd76ea,12,79.24
1015,819cad04-4b8d-4964-9a6d-954503a7e749,19,58.49
1015,255d9a40-8fce-4c0d-a214-dfb1d73cf4c3,15,69.54
1015,ea8e0dc2-dc44-4f2f-8b71-9fbf374b5639,14,54.84
1015,115e33a9-6ec3-4aea-bb13-cd16d2e4c3ab,12,41.52
1016,8a5826dd-a9d9-4e9b-aa96-a7d1bb55a2fb,13,46.63
1016,56e060bc-d11b-49a7-a025-a02b9978eb78,2,44.94
1016,0878662f-de11-4bc5-8759-45cf270e548d,15,42.42
1016,c527b44e-0d6f-43f7-ba2d-364050026e89,10,33.8
1016,93058f16-d7b7-455b-8cc2-4be5036d5028,8,47.32
1016,52d4d0ab-bf4a-434b-a9b0-f4b364873627,10,96.65
1016,565da6b9-811e-4b09-b593-f381285124c6,17,63.74
1016,489fe4c7-5541-482d-80e0-7ada9f4716cc,7,
1017,be3ade9c-b596-49e9-bc90-7dd61435f18b,14,47.61
1017,488b5bb6-0f24-465e-a63a-11f14fdf815c,16,39.02
1018,05342617-f3bf-47d5-a704-54d08ff4796b,6,30.37
1018,e0a3ba5d-5301-422b-8b96-d3c4b61d2109,12,8.58
1018,8d71d44f-afe6-44f5-be9b-7b038b4afb45,6,90.22
1018,21797e0e-4600-4fd9-8ca4-6d215c5a84d0,4,39.41
1018,be3ade9c-b596-49e9-bc90-7dd61435f18b,19,47.61
1018,422a44ea-c65b-4e88-89bc-fd17cdfb910d,17,
1018,9bff7610-75ce-4138-a28a-31bc5d65b4c8,3,61.39
1019,93024067-2c48-4bfb-9b23-cf9775e69932,18,57.39
1019,d7442445-937c-4c51-b7c3-b0d6384c947f,10,79.68
1019,3082cc54-5f25-4e3c-b368-4e8e69d55049,10,9.28
1019,a308e5be-2b43-4f34-9734-5eb72d3056c9,2,
1019,8820d77f-fe2d-47f7-a17b-1857cd24e7ce,11,
1019,c058acb8-15ff-4f19-a1a9-c3f1f3333dd2,6,96.41
1020,bef325bf-00d5-4373-a676-9eb13383f29b,7,98.94
1020,4cada984-9349-4b8a-9d0a-023e95137ef7,20,
1021,93024067-2c48-4bfb-9b23-cf9775e69932,18,57.39
1021,ed9df682-22b3-47ef-8fc7-74d745d30a60,3,35.01
1021,7ec5228e-0e1a-4fdc-a5b3-919a6ae2e695,20,69.35
1021,b17342a2-f5df-4583-8d8d-7777bbc4b76c,14,9.27
1021,454d8ac9-31bf-4a29-9c9e-11b020e90385,11,67.65
1021,3047a714-d20a-49c5-ae92-0e21d3453527,18,36.2
1021,3f879073-3a9c-4bed-8812-a0fca6bd6334,13,35.36
1021,e44369a2-243d-4f3d-8468-c1c64d630c75,14,70.37
1021,eedeb762-e0c0-4b66-974d-d0aef5d3b215,8,37.03
1021,0b18e076-e4ad-40fc-8973-fd7169e662d6,2,5.23
1021,0681cab2-a5a1-4ec0-bbd6-acb819d6b2f8,17,24.79
1021,be3ade9c-b596-49e9-bc90-7dd61435f18b,5,47.61
1021,c6694282-3655-47ed-a7bf-96c817c91005,11,71.03
1022,3082cc54-5f25-4e3c-b368-4e8e69d55049,8,9.28
1022,2c231196-d843-4324-a763-538247db7d1f,12,10.74
1022,6682e541-878c-4ccb-ba57-d8662c92f0fd,12,17.87
1023,3c3a4846-4cfa-49b7-967b-71d7e5e95388,3,86.22
1023,4b109920-36de-430a-b0b3-35eab744df34,17,33.36
1023,16b47e78-b914-4a4a-9f2f-28d7d65f5c23,5,
1023,9bff7610-75ce-4138-a28a-31bc5d65b4c8,4,61.39
1023,489fe4c7-5541-482d-80e0-7ada9f4716cc,6,
1023,e8be28d0-8d7c-405a-b95b-76632b8451e5,20,57.32
1023,c527b44e-0d6f-43f7-ba2d-364050026e89,7,33.8
1023,a794d78b-a605-40f8-a3eb-46f5a9f5cf91,19,28.0
1023,52d4d0ab-bf4a-434b-a9b0-f4b364873627,3,96.65
1023,16b47e78-b914-4a4a-9f2f-28d7d65f5c23,2,
1023,0b18e076-e4ad-40fc-8973-fd7169e662d6,9,5.23
1024,7f48540b-b8a5-4263-b3b4-78c38f51544f,1,49.36
1024,be3ade9c-b596-49e9-bc90-7dd61435f18b,11,47.61
1024,7f48540b-b8a5-4263-b3b4-78c38f51544f,5,49.36
1024,be3ade9c-b596-49e9-bc90-7dd61435f18b,8,47.61
1024,3650858c-14c6-4fbd-b04f-681d9ea1eaf1,10,36.27
1024,819cad04-4b8d-4964-9a6d-954503a7e749,20,58.49
1024,565da6b9-811e-4b09-b593-f381285124c6,11,63.74
1024,927dab0f-3c3f-4424-9b78-0254e41c66d2,16,95.6
1024,c058acb8-15ff-4f19-a1a9-c3f1f3333dd2,16,96.41
1024,df31a785-d8ac-42c9-a121-9fabbf7b422f,14,24.55
1024,3b955c7a-be54-441f-aa9e-5cbabed00a2c,18,7.47
1025,4a0a9caf-20fa-448d-9c44-4373f183b680,3,3.75
1025,255d9a40-8fce-4c0d-a214-dfb1d73cf4c3,3,69.54
1025,e8be28d0-8d7c-405a-b95b-76632b8451e5,15,57.32
1025,2c231196-d843-4324-a763-538247db7d1f,13,10.74
1025,b5efc8ee-a2be-4812-bb74-029376908811,10,62.22
1025,3650858c-14c6-4fbd-b04f-681d9ea1eaf1,9,36.27
1025,255d9a40-8fce-4c0d-a214-dfb1d73cf4c3,12,69.54
1025,5c9f23e1-361a-4cb8-ac26-a42c0b34daf6,15,24.45
1025,3650858c-14c6-4fbd-b04f-681d9ea1eaf1,3,36.27
1026,0b18e076-e4ad-40fc-8973-fd7169e662d6,15,5.23
1027,54109e60-68c2-48b9-81cc-51718e32b1e2,4,74.7
1027,889ac4bc-4ae5-43a3-9a8b-7edd922cb9b3,1,
1027,c527b44e-0d6f-43f7-ba2d-364050026e89,6,33.8
1027,889ac4bc-4ae5-43a3-9a8b-7edd922cb9b3,16,
1027,8a5826dd-a9d9-4e9b-aa96-a7d1bb55a2fb,10,46.63
1027,52d4d0ab-bf4a-434b-a9b0-f4b364873627,4,96.65
1027,21797e0e-4600-4fd9-8ca4-6d215c5a84d0,18,39.41
1027,be3ade9c-b596-49e9-bc90-7dd61435f18b,8,47.61
1027,d63b0116-e6ec-4c6b-9cec-47d85a5bd07e,10,25.18
1027,6ca0bc7e-447f-417e-b0a0-6e9f7af56348,16,52.9
1027,f98783e3-ffcd-44bb-b768-7d2487e42d3b,20,75.06
1027,4cada984-9349-4b8a-9d0a-023e95137ef7,16,
1027,255d9a40-8fce-4c0d-a214-dfb1d73cf4c3,14,69.54
1027,9bff7610-75ce-4138-a28a-31bc5d65b4c8,1,61.39
1028,21aaa4b2-d68b-413b-8e07-76167a095e13,11,13.22
1028,3f879073-3a9c-4bed-8812-a0fca6bd6334,14,35.36
1028,e8be28d0-8d7c-405a-b95b-76632b8451e5,14,57.32
1028,d3fbd332-b244-4170-a5c9-a65e727ca9d5,13,20.8
1028,2abfb4bd-687e-4d40-ac6c-eafb693e1220,13,41.99
1028,565da6b9-811e-4b09-b593-f381285124c6,10,63.74
1029,4cada984-9349-4b8a-9d0a-023e95137ef7,14,
1029,ff1427e3-56b2-4943-a770-2f64a20b4d5c,18,43.78
1029,929ae7bf-ad26-4e39-913a-3c2d89a6909f,7,30.02
1029,6682e541-878c-4ccb-ba57-d8662c92f0fd,1,17.87
1029,93058f16-d7b7-455b-8cc2-4be5036d5028,9,47.32
1030,927dab0f-3c3f-4424-9b78-0254e41c66d2,20,95.6
1030,9bff7610-75ce-4138-a28a-31bc5d65b4c8,18,61.39
1030,454d8ac9-31bf-4a29-9c9e-11b020e90385,4,67.65
1030,7f8b2086-7a1b-4302-b4d7-880e4620fa0c,18,2.2
1031,8d71d44f-afe6-44f5-be9b-7b038b4afb45,18,90.22
1031,ec699450-dcd0-4ca0-af29-2655239a9a19,12,4.6
1031,d7442445-937c-4c51-b7c3-b0d6384c947f,3,79.68
1031,d28feae2-229f-4e2c-88cd-a16d055c098c,13,58.16
1031,be5eafa5-99ba-4cd3-b71d-b9c5b0dd76ea,17,79.24
1031,dc5f7bad-fa34-41b4-90f4-929a3382ff5f,18,94.78
1031,a3d57017-2065-4ad7-a722-58244bf9a06b,15,88.46
1031,3f879073-3a9c-4bed-8812-a0fca6bd6334,17,35.36
1031,3047a714-d20a-49c5-ae92-0e21d3453527,18,36.2
1032,9bff7610-75ce-4138-a28a-31bc5d65b4c8,10,61.39
1033,6ca0bc7e-447f-417e-b0a0-6e9f7af56348,19,52.9
1033,45c2fc66-26e4-4de9-acd7-a7a408b3740e,2,7.3
1033,16b47e78-b914-4a4a-9f2f-28d7d65f5c23,14,
1033,8a5826dd-a9d9-4e9b-aa96-a7d1bb55a2fb,15,46.63
1033,89bc33a1-d387-42a4-8504-f853b9d27872,9,61.12
1033,df31a785-d8ac-42c9-a121-9fabbf7b422f,13,24.55
1033,e8be28d0-8d7c-405a-b95b-76632b8451e5,2,57.32
1033,a3d57017-2065-4ad7-a722-58244bf9a06b,2,88.46
1033,7f8b2086-7a1b-4302-b4d7-880e4620fa0c,17,2.2
1033,5984e855-c842-4be2-83df-25aefa6fe2b2,2,24.53
1033,c058acb8-15ff-4f19-a1a9-c3f1f3333dd2,14,96.41
1033,8820d77f-fe2d-47f7-a17b-1857cd24e7ce,19,
1033,8a5826dd-a9d9-4e9b-aa96-a7d1bb55a2fb,1,46.63
1033,56babced-b085-4d77-8ede-ab43a1f65202,12,65.51
1034,8a5826dd-a9d9-4e9b-aa96-a7d1bb55a2fb,18,46.63
1034,a794d78b-a605-40f8-a3eb-46f5a9f5cf91,3,28.0
1034,d7442445-937c-4c51-b7c3-b0d6384c947f,2,79.68
1034,550c3ca1-a22e-44fd-b5b3-d93bbca4d87f,13,76.87
1034,4a0a9caf-20fa-448d-9c44-4373f183b680,20,3.75
1034,5984e855-c842-4be2-83df-25aefa6fe2b2,19,24.53
1035,dc5f7bad-fa34-41b4-90f4-929a3382ff5f,1,94.78
1035,93024067-2c48-4bfb-9b23-cf9775e69932,7,57.39
1035,52d4d0ab-bf4a-434b-a9b0-f4b364873627,15,96.65
1035,4b85349d-7dde-4074-9642-1c9c1f5e02e5,20,17.22
1035,565da6b9-811e-4b09-b593-f381285124c6,16,63.74
1036,c552ccd8-fd38-4951-a184-79c66d52c2ff,2,22.98
1036,454d8ac9-31bf-4a29-9c9e-11b020e90385,2,67.65
1036,4a0a9caf-20fa-448d-9c44-4373f183b680,15,3.75
1036,4cada984-9349-4b8a-9d0a-023e95137ef7,7,
1036,4cada984-9349-4b8a-9d0a-023e95137ef7,12,
1036,3650858c-14c6-4fbd-b04f-681d9ea1eaf1,4,36.27
1036,927dab0f-3c3f-4424-9b78-0254e41c66d2,1,95.6
1036,6ca0bc7e-447f-417e-b0a0-6e9f7af56348,16,52.9
1037,54109e60-68c2-48b9-81cc-51718e32b1e2,11,74.7
1037,3b955c7a-be54-441f-aa9e-5cbabed00a2c,16,7.47
1038,3b955c7a-be54-441f-aa9e-5cbabed00a2c,3,7.47
1038,ec699450-dcd0-4ca0-af29-2655239a9a19,20,4.6
1038,93058f16-d7b7-455b-8cc2-4be5036d5028,6,47.32
1038,819cad04-4b8d-4964-9a6d-954503a7e749,10,58.49
1038,ed9df682-22b3-47ef-8fc7-74d745d30a60,4,35.01
1038,5984e855-c842-4be2-83df-25aefa6fe2b2,18,24.53
1038,0b18e076-e4ad-40fc-8973-fd7169e662d6,20,5.23
1039,255d9a40-8fce-4c0d-a214-dfb1d73cf4c3,9,69.54
1039,7a442228-9188-4a8a-8482-7bb3a613d5d2,5,23.0
1039,52d4d0ab-bf4a-434b-a9b0-f4b364873627,5,96.65
1040,115e33a9-6ec3-4aea-bb13-cd16d2e4c3ab,4,41.52
1040,ea8e0dc2-dc44-4f2f-8b71-9fbf374b5639,10,54.84
1040,d63b0116-e6ec-4c6b-9cec-47d85a5bd07e,18,25.18
1040,8820d77f-fe2d-47f7-a17b-1857cd24e7ce,4,
1040,b244aa4f-b282-4ada-8623-4989b37d6656,15,15.07
1040,16b47e78-b914-4a4a-9f2f-28d7d65f5c23,5,
1040,8a5826dd-a9d9-4e9b-aa96-a7d1bb55a2fb,6,46.63
1040,7f8b2086-7a1b-4302-b4d7-880e4620fa0c,15,2.2
1040,7d829d81-f579-45cc-acbe-8e03bf98095d,12,95.42
1040,927dab0f-3c3f-4424-9b78-0254e41c66d2,16,95.6
1040,7f8b2086-7a1b-4302-b4d7-880e4620fa0c,12,2.2
1041,3650858c-14c6-4fbd-b04f-681d9ea1eaf1,2,36.27
1041,c552ccd8-fd38-4951-a184-79c66d52c2ff,3,22.98
1041,c6694282-3655-47ed-a7bf-96c817c91005,18,71.03
1041,40e3feab-6309-4aca-96f7-f6cc5e227627,17,53.65
1041,3082cc54-5f25-4e3c-b368-4e8e69d55049,19,9.28
1041,488b5bb6-0f24-465e-a63a-11f14fdf815c,5,39.02
1041,21797e0e-4600-4fd9-8ca4-6d215c5a84d0,19,39.41
1041,889ac4bc-4ae5-43a3-9a8b-7edd922cb9b3,12,
1041,f222887c-b71f-4979-a318-935ec036d898,17,18.38
1041,255d9a40-8fce-4c0d-a214-dfb1d73cf4c3,8,69.54
1041,3f879073-3a9c-4bed-8812-a0fca6bd6334,2,35.36
1042,234de2c7-a8a7-41a0-afec-46b4acc4cb72,6,69.35
1042,ec699450-dcd0-4ca0-af29-2655239a9a19,10,4.6
1042,819cad04-4b8d-4964-9a6d-954503a7e749,2,58.49
1042,1e848585-42f1-48c4-87a8-1981d0a7ce68,12,76.75
1042,52d4d0ab-bf4a-434b-a9b0-f4b364873627,19,96.65
1042,c058acb8-15ff-4f19-a1a9-c3f1f3333dd2,18,96.41
1042,575ff7ba-c0ff-41cd-9082-2eeefb03ea93,1,59.54
1042,f222887c-b71f-4979-a318-935ec036d898,10,18.38
1042,2ff97c53-c1d5-4ec7-8c6e-d593f4d60337,7,94.2
1042,115e33a9-6ec3-4aea-bb13-cd16d2e4c3ab,11,41.52
1042,89bc33a1-d387-42a4-8504-f853b9d27872,14,61.12
1042,54109e60-68c2-48b9-81cc-51718e32b1e2,4,74.7
1042,be5eafa5-99ba-4cd3-b71d-b9c5b0dd76ea,11,79.24
1043,d7442445-937c-4c51-b7c3-b0d6384c947f,2,79.68
1043,bef325bf-00d5-4373-a676-9eb13383f29b,14,98.94
1043,be3ade9c-b596-49e9-bc90-7dd61435f18b,17,47.61
1043,21797e0e-4600-4fd9-8ca4-6d215c5a84d0,9,39.41
1043,7f48540b-b8a5-4263-b3b4-78c38f51544f,2,49.36
1043,929ae7bf-ad26-4e39-913a-3c2d89a6909f,6,30.02
1043,8a77f5b9-cbdf-44d4-bdda-e31ca7703803,14,40.71
1043,bef325bf-00d5-4373-a676-9eb13383f29b,13,98.94
1044,21797e0e-4600-4fd9-8ca4-6d215c5a84d0,11,39.41
1044,0681cab2-a5a1-4ec0-bbd6-acb819d6b2f8,8,24.79
1045,e44369a2-243d-4f3d-8468-c1c64d630c75,3,70.37
1045,5984e855-c842-4be2-83df-25aefa6fe2b2,12,24.53
1045,df31a785-d8ac-42c9-a121-9fabbf7b422f,8,24.55
1045,56e060bc-d11b-49a7-a025-a02b9978eb78,11,44.94
1045,927dab0f-3c3f-4424-9b78-0254e41c66d2,14,95.6
1045,c527b44e-0d6f-43f7-ba2d-364050026e89,1,33.8
1046,05342617-f3bf-47d5-a704-54d08ff4796b,6,30.37
1046,e0a3ba5d-5301-422b-8b96-d3c4b61d2109,16,8.58
1046,5c587d97-bce6-4428-88b9-3953842cf153,1,9.72
1046,4b109920-36de-430a-b0b3-35eab744df34,19,33.36
1046,7ec5228e-0e1a-4fdc-a5b3-919a6ae2e695,18,69.35
1046,dc5f7bad-fa34-41b4-90f4-929a3382ff5f,8,94.78
1047,89bc33a1-d387-42a4-8504-f853b9d27872,10,61.12
1047,454d8ac9-31bf-4a29-9c9e-11b020e90385,20,67.65
1047,be3ade9c-b596-49e9-bc90-7dd61435f18b,14,47.61
1047,2c231196-d843-4324-a763-538247db7d1f,6,10.74
1047,0878662f-de11-4bc5-8759-45cf270e548d,14,42.42
1047,234de2c7-a8a7-41a0-afec-46b4acc4cb72,15,69.35
1048,f98783e3-ffcd-44bb-b768-7d2487e42d3b,13,75.06
1048,21797e0e-4600-4fd9-8ca4-6d215c5a84d0,4,39.41
1048,54109e60-68c2-48b9-81cc-51718e32b1e2,20,74.7
1048,2abfb4bd-687e-4d40-ac6c-eafb693e1220,14,41.99
1048,b244aa4f-b282-4ada-8623-4989b37d6656,10,15.07
1049,7d829d81-f579-45cc-acbe-8e03bf98095d,14,95.42
1049,be5eafa5-99ba-4cd3-b71d-b9c5b0dd76ea,19,79.24
1049,115e33a9-6ec3-4aea-bb13-cd16d2e4c3ab,19,41.52
1049,a794d78b-a605-40f8-a3eb-46f5a9f5cf91,1,28.0
1049,56e060bc-d11b-49a7-a025-a02b9978eb78,5,44.94
1049,819cad04-4b8d-4964-9a6d-954503a7e749,8,58.49
1049,ea8e0dc2-dc44-4f2f-8b71-9fbf374b5639,10,54.84
1049,dc5f7bad-fa34-41b4-90f4-929a3382ff5f,7,94.78
1050,488b5bb6-0f24-465e-a63a-11f14fdf815c,3,39.02
1050,7d829d81-f579-45cc-acbe-8e03bf98095d,13,95.42
1051,d28feae2-229f-4e2c-88cd-a16d055c098c,14,58.16
1051,e8be28d0-8d7c-405a-b95b-76632b8451e5,17,57.32
1051,f98783e3-ffcd-44bb-b768-7d2487e42d3b,11,75.06
1051,b343fb2c-600b-47ca-9d83-664d3491cafe,3,11.94
1051,234de2c7-a8a7-41a0-afec-46b4acc4cb72,17,69.35
1051,4b85349d-7dde-4074-9642-1c9c1f5e02e5,15,17.22
1051,7f48540b-b8a5-4263-b3b4-78c38f51544f,17,49.36
1052,7f48540b-b8a5-4263-b3b4-78c38f51544f,1,49.36
1052,f222887c-b71f-4979-a318-935ec036d898,2,18.38
1052,8a77f5b9-cbdf-44d4-bdda-e31ca7703803,17,40.71
1052,e44369a2-243d-4f3d-8468-c1c64d630c75,3,70.37
1053,e8be28d0-8d7c-405a-b95b-76632b8451e5,18,57.32
1053,5c9f23e1-361a-4cb8-ac26-a42c0b34daf6,16,24.45
1053,a308e5be-2b43-4f34-9734-5eb72d3056c9,16,
1053,f9fc92ef-ce0d-4ea1-97b6-44806af9bb83,18,62.04
1053,a3d57017-2065-4ad7-a722-58244bf9a06b,17,88.46
1053,819cad04-4b8d-4964-9a6d-954503a7e749,19,58.49
1053,5984e855-c842-4be2-83df-25aefa6fe2b2,19,24.53
1053,115e33a9-6ec3-4aea-bb13-cd16d2e4c3ab,18,41.52
1053,422a44ea-c65b-4e88-89bc-fd17cdfb910d,2,
1054,3f879073-3a9c-4bed-8812-a0fca6bd6334,8,35.36
1054,565da6b9-811e-4b09-b593-f381285124c6,5,63.74
1055,b343fb2c-600b-47ca-9d83-664d3491cafe,20,11.94
1055,a308e5be-2b43-4f34-9734-5eb72d3056c9,8,
1055,255d9a40-8fce-4c0d-a214-dfb1d73cf4c3,6,69.54
1055,3c2d38ea-7f15-41b9-8f47-2ffdbff0a370,3,51.44
1055,d63b0116-e6ec-4c6b-9cec-47d85a5bd07e,17,25.18
1055,8a5826dd-a9d9-4e9b-aa96-a7d1bb55a2fb,16,46.63
1055,4a0a9caf-20fa-448d-9c44-4373f183b680,20,3.75
1056,6ca0bc7e-447f-417e-b0a0-6e9f7af56348,6,52.9
1056,4b85349d-7dde-4074-9642-1c9c1f5e02e5,13,17.22
1056,7ec5228e-0e1a-4fdc-a5b3-919a6ae2e695,13,69.35
1056,929ae7bf-ad26-4e39-913a-3c2d89a6909f,11,30.02
1057,a308e5be-2b43-4f34-9734-5eb72d3056c9,4,
1057,ed9df682-22b3-47ef-8fc7-74d745d30a60,7,35.01
1057,575ff7ba-c0ff-41cd-9082-2eeefb03ea93,11,59.54
1057,3b955c7a-be54-441f-aa9e-5cbabed00a2c,6,7.47
1057,c724a0df-df86-4cc4-bc0e-31b672843e77,16,49.47
1057,1e848585-42f1-48c4-87a8-1981d0a7ce68,1,76.75
1057,c6694282-3655-47ed-a7bf-96c817c91005,11,71.03
1057,89bc33a1-d387-42a4-8504-f853b9d27872,16,61.12
1057,52d4d0ab-bf4a-434b-a9b0-f4b364873627,19,96.65
1058,5c9f23e1-361a-4cb8-ac26-a42c0b34daf6,16,24.45
1059,4a0a9caf-20fa-448d-9c44-4373f183b680,5,3.75
1059,ff1427e3-56b2-4943-a770-2f64a20b4d5c,5,43.78
1059,ec699450-dcd0-4ca0-af29-2655239a9a19,3,4.6
1059,0681cab2-a5a1-4ec0-bbd6-acb819d6b2f8,20,24.79
1059,1e848585-42f1-48c4-87a8-1981d0a7ce68,8,76.75
1059,3650858c-14c6-4fbd-b04f-681d9ea1eaf1,8,36.27
1059,3f879073-3a9c-4bed-8812-a0fca6bd6334,9,35.36
1059,be5eafa5-99ba-4cd3-b71d-b9c5b0dd76ea,9,79.24
1060,3650858c-14c6-4fbd-b04f-681d9ea1eaf1,14,36.27
1060,16b47e78-b914-4a4a-9f2f-28d7d65f5c23,19,
1061,54109e60-68c2-48b9-81cc-51718e32b1e2,6,74.7
1061,8d71d44f-afe6-44f5-be9b-7b038b4afb45,15,90.22
1061,c6694282-3655-47ed-a7bf-96c817c91005,14,71.03
1061,05342617-f3bf-47d5-a704-54d08ff4796b,2,30.37
1061,6ca0bc7e-447f-417e-b0a0-6e9f7af56348,20,52.9
1061,52d4d0ab-bf4a-434b-a9b0-f4b364873627,3,96.65
1061,115e33a9-6ec3-4aea-bb13-cd16d2e4c3ab,16,41.52
1061,7f8b2086-7a1b-4302-b4d7-880e4620fa0c,14,2.2
1061,5c9f23e1-361a-4cb8-ac26-a42c0b34daf6,5,24.45
1061,1e848585-42f1-48c4-87a8-1981d0a7ce68,16,76.75
1061,ec699450-dcd0-4ca0-af29-2655239a9a19,4,4.6
1061,3f879073-3a9c-4bed-8812-a0fca6bd6334,1,35.36
1061,f9fc92ef-ce0d-4ea1-97b6-44806af9bb83,20,62.04
1062,4840e2ac-9969-43c1-8bf9-bd1319ff88ad,10,1.43
1062,489fe4c7-5541-482d-80e0-7ada9f4716cc,7,
1062,488b5bb6-0f24-465e-a63a-11f14fdf815c,9,39.02
1062,c058acb8-15ff-4f19-a1a9-c3f1f3333dd2,8,96.41
1062,e44369a2-243d-4f3d-8468-c1c64d630c75,3,70.37
1062,0681cab2-a5a1-4ec0-bbd6-acb819d6b2f8,10,24.79
1062,47c4f2b1-fdb1-44c1-a076-9893b7c90c69,9,48.93
1063,4cada984-9349-4b8a-9d0a-023e95137ef7,16,
1063,1e848585-42f1-48c4-87a8-1981d0a7ce68,12,76.75
1063,d3fbd332-b244-4170-a5c9-a65e727ca9d5,15,20.8
1063,93058f16-d7b7-455b-8cc2-4be5036d5028,7,47.32
1064,b244aa4f-b282-4ada-8623-4989b37d6656,6,15.07
1064,dd314b03-39c4-4c7f-89bb-c4a376ff0073,6,91.16
1064,be3ade9c-b596-49e9-bc90-7dd61435f18b,13,47.61
1064,3c3a4846-4cfa-49b7-967b-71d7e5e95388,2,86.22
1064,b5efc8ee-a2be-4812-bb74-029376908811,3,62.22
1064,e44369a2-243d-4f3d-8468-c1c64d630c75,3,70.37
1064,422a44ea-c65b-4e88-89bc-fd17cdfb910d,19,
1064,b343fb2c-600b-47ca-9d83-664d3491cafe,15,11.94
1064,47c4f2b1-fdb1-44c1-a076-9893b7c90c69,3,48.93
1065,52d4d0ab-bf4a-434b-a9b0-f4b364873627,18,96.65
1066,4519f21d-200a-40a0-8d2f-06fd853f5153,7,64.94
1066,eedeb762-e0c0-4b66-974d-d0aef5d3b215,4,37.03
1066,a3d57017-2065-4ad7-a722-58244bf9a06b,5,88.46
1066,3047a714-d20a-49c5-ae92-0e21d3453527,5,36.2
1066,8a5826dd-a9d9-4e9b-aa96-a7d1bb55a2fb,15,46.63
1066,0681cab2-a5a1-4ec0-bbd6-acb819d6b2f8,10,24.79
1066,e64cb005-da25-4bba-9515-c9f22fc5c0ac,18,22.04
1066,ed9df682-22b3-47ef-8fc7-74d745d30a60,1,35.01
1067,927dab0f-3c3f-4424-9b78-0254e41c66d2,16,95.6
1067,3f879073-3a9c-4bed-8812-a0fca6bd6334,18,35.36
1068,7a442228-9188-4a8a-8482-7bb3a613d5d2,8,23.0
1068,0878662f-de11-4bc5-8759-45cf270e548d,14,42.42
1068,9bff7610-75ce-4138-a28a-31bc5d65b4c8,17,61.39
1068,c527b44e-0d6f-43f7-ba2d-364050026e89,19,33.8
1068,7ec5228e-0e1a-4fdc-a5b3-919a6ae2e695,7,69.35
1068,927dab0f-3c3f-4424-9b78-0254e41c66d2,5,95.6
1068,929ae7bf-ad26-4e39-913a-3c2d89a6909f,4,30.02
1068,4cada984-9349-4b8a-9d0a-023e95137ef7,14,
1068,819cad04-4b8d-4964-9a6d-954503a7e749,8,58.49
1068,2ff97c53-c1d5-4ec7-8c6e-d593f4d60337,16,94.2
1068,889ac4bc-4ae5-43a3-9a8b-7edd922cb9b3,7,
1068,ff1427e3-56b2-4943-a770-2f64a20b4d5c,17,43.78
1068,f9fc92ef-ce0d-4ea1-97b6-44806af9bb83,6,62.04
1069,e44369a2-243d-4f3d-8468-c1c64d630c75,18,70.37
1069,bef325bf-00d5-4373-a676-9eb13383f29b,11,98.94
1069,8d71d44f-afe6-44f5-be9b-7b038b4afb45,16,90.22
1069,819cad04-4b8d-4964-9a6d-954503a7e749,14,58.49
1069,0b18e076-e4ad-40fc-8973-fd7169e662d6,6,5.23
1069,e0a3ba5d-5301-422b-8b96-d3c4b61d2109,17,8.58
1069,234de2c7-a8a7-41a0-afec-46b4acc4cb72,15,69.35
1069,40e3feab-6309-4aca-96f7-f6cc5e227627,18,53.65
1069,454d8ac9-31bf-4a29-9c9e-11b020e90385,13,67.65
1069,54109e60-68c2-48b9-81cc-51718e32b1e2,5,74.7
1070,dd314b03-39c4-4c7f-89bb-c4a376ff0073,13,91.16
1070,ff1427e3-56b2-4943-a770-2f64a20b4d5c,3,43.78
1070,6ca0bc7e-447f-417e-b0a0-6e9f7af56348,2,52.9
1070,4cada984-9349-4b8a-9d0a-023e95137ef7,19,
1070,4cada984-9349-4b8a-9d0a-023e95137ef7,10,
1070,c552ccd8-fd38-4951-a184-79c66d52c2ff,7,22.98
1070,0681cab2-a5a1-4ec0-bbd6-acb819d6b2f8,3,24.79
1070,4840e2ac-9969-43c1-8bf9-bd1319ff88ad,2,1.43
1070,ed9df682-22b3-47ef-8fc7-74d745d30a60,15,35.01
1070,7ec5228e-0e1a-4fdc-a5b3-919a6ae2e695,4,69.35
1070,ff1427e3-56b2-4943-a770-2f64a20b4d5c,12,43.78
1070,bef325bf-00d5-4373-a676-9eb13383f29b,7,98.94
1071,4a0a9caf-20fa-448d-9c44-4373f183b680,14,3.75
1071,9bff7610-75ce-4138-a28a-31bc5d65b4c8,18,61.39
1071,8820d77f-fe2d-47f7-a17b-1857cd24e7ce,3,
1071,5984e855-c842-4be2-83df-25aefa6fe2b2,4,24.53
1071,889ac4bc-4ae5-43a3-9a8b-7edd922cb9b3,14,
1071,b17342a2-f5df-4583-8d8d-7777bbc4b76c,5,9.27
1071,234de2c7-a8a7-41a0-afec-46b4acc4cb72,12,69.35
1071,3c3a4846-4cfa-49b7-967b-71d7e5e95388,12,86.22
1071,3047a714-d20a-49c5-ae92-0e21d3453527,11,36.2
1072,575ff7ba-c0ff-41cd-9082-2eeefb03ea93,18,59.54
1073,7f48540b-b8a5-4263-b3b4-78c38f51544f,7,49.36
1073,ed9df682-22b3-47ef-8fc7-74d745d30a60,16,35.01
1073,16b47e78-b914-4a4a-9f2f-28d7d65f5c23,15,
1073,8d71d44f-afe6-44f5-be9b-7b038b4afb45,6,90.22
1073,c527b44e-0d6f-43f7-ba2d-364050026e89,5,33.8
1073,56babced-b085-4d77-8ede-ab43a1f65202,12,65.51
1073,550c3ca1-a22e-44fd-b5b3-d93bbca4d87f,19,76.87
1073,40e3feab-6309-4aca-96f7-f6cc5e227627,17,53.65
1073,7f8b2086-7a1b-4302-b4d7-880e4620fa0c,10,2.2
1073,3650858c-14c6-4fbd-b04f-681d9ea1eaf1,19,36.27
1073,a308e5be-2b43-4f34-9734-5eb72d3056c9,14,
1073,0b18e076-e4ad-40fc-8973-fd7169e662d6,19,5.23
1073,1e848585-42f1-48c4-87a8-1981d0a7ce68,4,76.75
1073,c724a0df-df86-4cc4-bc0e-31b672843e77,10,49.47
1074,21aaa4b2-d68b-413b-8e07-76167a095e13,14,13.22
1074,dc5f7bad-fa34-41b4-90f4-929a3382ff5f,9,94.78
1074,8820d77f-fe2d-47f7-a17b-1857cd24e7ce,2,
1074,1d6f626f-38f3-4088-96ae-1c2dc7b682d4,3,31.51
1074,0878662f-de11-4bc5-8759-45cf270e548d,17,42.42
1074,d63b0116-e6ec-4c6b-9cec-47d85a5bd07e,18,25.18
1075,4cada984-9349-4b8a-9d0a-023e95137ef7,17,
1075,8a77f5b9-cbdf-44d4-bdda-e31ca7703803,13,40.71
1075,5984e855-c842-4be2-83df-25aefa6fe2b2,16,24.53
1075,f9fc92ef-ce0d-4ea1-97b6-44806af9bb83,11,62.04
1075,2ff97c53-c1d5-4ec7-8c6e-d593f4d60337,13,94.2
1076,550c3ca1-a22e-44fd-b5b3-d93bbca4d87f,18,76.87
1076,7f8b2086-7a1b-4302-b4d7-880e4620fa0c,8,2.2
1077,6682e541-878c-4ccb-ba57-d8662c92f0fd,9,17.87
1077,c6694282-3655-47ed-a7bf-96c817c91005,12,71.03
1077,7a442228-9188-4a8a-8482-7bb3a613d5d2,19,23.0
1077,0b18e076-e4ad-40fc-8973-fd7169e662d6,1,5.23
1077,7f8b2086-7a1b-4302-b4d7-880e4620fa0c,5,2.2
1077,4840e2ac-9969-43c1-8bf9-bd1319ff88ad,2,1.43
1077,dc5f7bad-fa34-41b4-90f4-929a3382ff5f,17,94.78
1077,550c3ca1-a22e-44fd-b5b3-d93bbca4d87f,18,76.87
1077,3650858c-14c6-4fbd-b04f-681d9ea1eaf1,19,36.27
1077,16b47e78-b914-4a4a-9f2f-28d7d65f5c23,19,
1077,4519f21d-200a-40a0-8d2f-06fd853f5153,15,64.94
1077,e8be28d0-8d7c-405a-b95b-76632b8451e5,15,57.32
1078,565da6b9-811e-4b09-b593-f381285124c6,16,63.74
1078,b5efc8ee-a2be-4812-bb74-029376908811,20,62.22
1078,ed9df682-22b3-47ef-8fc7-74d745d30a60,6,35.01
1078,255d9a40-8fce-4c0d-a214-dfb1d73cf4c3,16,69.54
1078,b17342a2-f5df-4583-8d8d-7777bbc4b76c,16,9.27
1078,c724a0df-df86-4cc4-bc0e-31b672843e77,17,49.47
1078,4a0a9caf-20fa-448d-9c44-4373f183b680,4,3.75
1078,0b18e076-e4ad-40fc-8973-fd7169e662d6,10,5.23
1078,a794d78b-a605-40f8-a3eb-46f5a9f5cf91,20,28.0
1078,93058f16-d7b7-455b-8cc2-4be5036d5028,15,47.32
1078,3c2d38ea-7f15-41b9-8f47-2ffdbff0a370,18,51.44
1078,c724a0df-df86-4cc4-bc0e-31b672843e77,4,49.47
1079,422a44ea-c65b-4e88-89bc-fd17cdfb910d,17,
1079,d63b0116-e6ec-4c6b-9cec-47d85a5bd07e,3,25.18
1079,489fe4c7-5541-482d-80e0-7ada9f4716cc,18,
1079,565da6b9-811e-4b09-b593-f381285124c6,1,63.74
1079,2ff97c53-c1d5-4ec7-8c6e-d593f4d60337,20,94.2
1079,c527b44e-0d6f-43f7-ba2d-364050026e89,15,33.8
1079,dc4a8770-1bed-4709-a853-7c318e33622a,13,62.53
1079,234de2c7-a8a7-41a0-afec-46b4acc4cb72,20,69.35
1079,7a442228-9188-4a8a-8482-7bb3a613d5d2,17,23.0
1080,0878662f-de11-4bc5-8759-45cf270e548d,10,42.42
1080,0681cab2-a5a1-4ec0-bbd6-acb819d6b2f8,18,24.79
1080,3f879073-3a9c-4bed-8812-a0fca6bd6334,11,35.36
1080,be3ade9c-b596-49e9-bc90-7dd61435f18b,13,47.61
1080,8a5826dd-a9d9-4e9b-aa96-a7d1bb55a2fb,4,46.63
1080,c058acb8-15ff-4f19-a1a9-c3f1f3333dd2,7,96.41
1080,3082cc54-5f25-4e3c-b368-4e8e69d55049,17,9.28
1080,56babced-b085-4d77-8ede-ab43a1f65202,10,65.51
1080,d7442445-937c-4c51-b7c3-b0d6384c947f,8,79.68
1080,255d9a40-8fce-4c0d-a214-dfb1d73cf4c3,6,69.54
1080,e64cb005-da25-4bba-9515-c9f22fc5c0ac,8,22.04
1080,8a77f5b9-cbdf-44d4-bdda-e31ca7703803,20,40.71
1080,4519f21d-200a-40a0-8d2f-06fd853f5153,7,64.94
1080,1e848585-42f1-48c4-87a8-1981d0a7ce68,7,76.75
1081,4b109920-36de-430a-b0b3-35eab744df34,14,33.36
1081,40e3feab-6309-4aca-96f7-f6cc5e227627,4,53.65
1081,f98783e3-ffcd-44bb-b768-7d2487e42d3b,4,75.06
1081,3f879073-3a9c-4bed-8812-a0fca6bd6334,20,35.36
1081,819cad04-4b8d-4964-9a6d-954503a7e749,3,58.49
1081,422a44ea-c65b-4e88-89bc-fd17cdfb910d,18,
1081,a3d57017-2065-4ad7-a722-58244bf9a06b,12,88.46
1081,f9fc92ef-ce0d-4ea1-97b6-44806af9bb83,8,62.04
1082,1e848585-42f1-48c4-87a8-1981d0a7ce68,4,76.75
1082,d7442445-937c-4c51-b7c3-b0d6384c947f,19,79.68
1083,c527b44e-0d6f-43f7-ba2d-364050026e89,15,33.8
1083,bef325bf-00d5-4373-a676-9eb13383f29b,14,98.94
1083,b17342a2-f5df-4583-8d8d-7777bbc4b76c,16,9.27
1083,be5eafa5-99ba-4cd3-b71d-b9c5b0dd76ea,3,79.24
1083,889ac4bc-4ae5-43a3-9a8b-7edd922cb9b3,15,
1083,255d9a40-8fce-4c0d-a214-dfb1d73cf4c3,12,69.54
1083,e8be28d0-8d7c-405a-b95b-76632b8451e5,19,57.32
1084,489fe4c7-5541-482d-80e0-7ada9f4716cc,2,
1084,dc5f7bad-fa34-41b4-90f4-929a3382ff5f,7,94.78
1084,819cad04-4b8d-4964-9a6d-954503a7e749,2,58.49
1084,255d9a40-8fce-4c0d-a214-dfb1d73cf4c3,2,69.54
1085,3c3a4846-4cfa-49b7-967b-71d7e5e95388,19,86.22
1085,a794d78b-a605-40f8-a3eb-46f5a9f5cf91,1,28.0
1085,4b85349d-7dde-4074-9642-1c9c1f5e02e5,1,17.22
1085,d3fbd332-b244-4170-a5c9-a65e727ca9d5,17,20.8
1085,454d8ac9-31bf-4a29-9c9e-11b020e90385,15,67.65
1085,422a44ea-c65b-4e88-89bc-fd17cdfb910d,17,
1085,2ff97c53-c1d5-4ec7-8c6e-d593f4d60337,1,94.2
1085,489fe4c7-5541-482d-80e0-7ada9f4716cc,19,
1085,05342617-f3bf-47d5-a704-54d08ff4796b,20,30.37
1086,e44369a2-243d-4f3d-8468-c1c64d630c75,12,70.37
1086,115e33a9-6ec3-4aea-bb13-cd16d2e4c3ab,5,41.52
1086,c527b44e-0d6f-43f7-ba2d-364050026e89,14,33.8
1086,1e848585-42f1-48c4-87a8-1981d0a7ce68,9,76.75
1086,52d4d0ab-bf4a-434b-a9b0-f4b364873627,11,96.65
1086,c527b44e-0d6f-43f7-ba2d-364050026e89,10,33.8
1086,1e848585-42f1-48c4-87a8-1981d0a7ce68,5,76.75
1086,4b85349d-7dde-4074-9642-1c9c1f5e02e5,10,17.22
1086,3047a714-d20a-49c5-ae92-0e21d3453527,11,36.2
1086,2c231196-d843-4324-a763-538247db7d1f,6,10.74
1086,8820d77f-fe2d-47f7-a17b-1857cd24e7ce,3,
1086,255d9a40-8fce-4c0d-a214-dfb1d73cf4c3,16,69.54
1086,4519f21d-200a-40a0-8d2f-06fd853f5153,1,64.94
1086,21797e0e-4600-4fd9-8ca4-6d215c5a84d0,2,39.41
1087,e0a3ba5d-5301-422b-8b96-d3c4b61d2109,4,8.58
1087,b244aa4f-b282-4ada-8623-4989b37d6656,3,15.07
1087,6682e541-878c-4ccb-ba57-d8662c92f0fd,7,17.87
1087,dc4a8770-1bed-4709-a853-7c318e33622a,17,62.53
1087,234de2c7-a8a7-41a0-afec-46b4acc4cb72,10,69.35
1087,ea8e0dc2-dc44-4f2f-8b71-9fbf374b5639,20,54.84
1087,f222887c-b71f-4979-a318-935ec036d898,1,18.38
1087,c527b44e-0d6f-43f7-ba2d-364050026e89,7,33.8
1088,b244aa4f-b282-4ada-8623-4989b37d6656,6,15.07
1088,6ca0bc7e-447f-417e-b0a0-6e9f7af56348,17,52.9
1089,255d9a40-8fce-4c0d-a214-dfb1d73cf4c3,17,69.54
1089,d63b0116-e6ec-4c6b-9cec-47d85a5bd07e,1,25.18
1089,ea8e0dc2-dc44-4f2f-8b71-9fbf374b5639,18,54.84
1089,df31a785-d8ac-42c9-a121-9fabbf7b422f,19,24.55
1089,4519f21d-200a-40a0-8d2f-06fd853f5153,2,64.94
1089,3c3a4846-4cfa-49b7-967b-71d7e5e95388,14,86.22
1089,3047a714-d20a-49c5-ae92-0e21d3453527,19,36.2
1090,488b5bb6-0f24-465e-a63a-11f14fdf815c,4,39.02
1090,56e060bc-d11b-49a7-a025-a02b9978eb78,6,44.94
1090,3650858c-14c6-4fbd-b04f-681d9ea1eaf1,5,36.27
1090,bef325bf-00d5-4373-a676-9eb13383f29b,19,98.94
1091,f222887c-b71f-4979-a318-935ec036d898,1,18.38
1091,5984e855-c842-4be2-83df-25aefa6fe2b2,20,24.53
1091,5984e855-c842-4be2-83df-25aefa6fe2b2,3,24.53
1091,54109e60-68c2-48b9-81cc-51718e32b1e2,14,74.7
1091,3f879073-3a9c-4bed-8812-a0fca6bd6334,2,35.36
1091,45c2fc66-26e4-4de9-acd7-a7a408b3740e,19,7.3
1091,d63b0116-e6ec-4c6b-9cec-47d85a5bd07e,10,25.18
1091,0b18e076-e4ad-40fc-8973-fd7169e662d6,10,5.23
1091,6682e541-878c-4ccb-ba57-d8662c92f0fd,16,17.87
1092,115e33a9-6ec3-4aea-bb13-cd16d2e4c3ab,13,41.52
1092,0878662f-de11-4bc5-8759-45cf270e548d,3,42.42
1092,7a442228-9188-4a8a-8482-7bb3a613d5d2,16,23.0
1092,a3d57017-2065-4ad7-a722-58244bf9a06b,6,88.46
1092,422a44ea-c65b-4e88-89bc-fd17cdfb910d,17,
1092,e8be28d0-8d7c-405a-b95b-76632b8451e5,12,57.32
1092,16b47e78-b914-4a4a-9f2f-28d7d65f5c23,14,
1092,7a442228-9188-4a8a-8482-7bb3a613d5d2,1,23.0
1092,bef325bf-00d5-4373-a676-9eb13383f29b,7,98.94
1092,54109e60-68c2-48b9-81cc-51718e32b1e2,7,74.7
1092,be3ade9c-b596-49e9-bc90-7dd61435f18b,18,47.61
1092,d28feae2-229f-4e2c-88cd-a16d055c098c,3,58.16
1092,4519f21d-200a-40a0-8d2f-06fd853f5153,6,64.94
1092,4cada984-9349-4b8a-9d0a-023e95137ef7,16,
1093,d3fbd332-b244-4170-a5c9-a65e727ca9d5,20,20.8
1093,7a442228-9188-4a8a-8482-7bb3a613d5d2,16,23.0
1093,c058acb8-15ff-4f19-a1a9-c3f1f3333dd2,4,96.41
1093,a794d78b-a605-40f8-a3eb-46f5a9f5cf91,4,28.0
1093,d28feae2-229f-4e2c-88cd-a16d055c098c,9,58.16
1093,e44369a2-243d-4f3d-8468-c1c64d630c75,17,70.37
1094,929ae7bf-ad26-4e39-913a-3c2d89a6909f,4,30.02
1094,ec699450-dcd0-4ca0-af29-2655239a9a19,20,4.6
1094,565da6b9-811e-4b09-b593-f381285124c6,17,63.74
1094,f98783e3-ffcd-44bb-b768-7d2487e42d3b,11,75.06
1094,819cad04-4b8d-4964-9a6d-954503a7e749,5,58.49
1095,c527b44e-0d6f-43f7-ba2d-364050026e89,4,33.8
1095,dd314b03-39c4-4c7f-89bb-c4a376ff0073,15,91.16
1095,0878662f-de11-4bc5-8759-45cf270e548d,17,42.42
1095,89bc33a1-d387-42a4-8504-f853b9d27872,6,61.12
1095,7f8b2086-7a1b-4302-b4d7-880e4620fa0c,1,2.2
1095,21aaa4b2-d68b-413b-8e07-76167a095e13,2,13.22
1095,927dab0f-3c3f-4424-9b78-0254e41c66d2,14,95.6
1095,b17342a2-f5df-4583-8d8d-7777bbc4b76c,15,9.27
1096,3082cc54-5f25-4e3c-b368-4e8e69d55049,14,9.28
1096,f9fc92ef-ce0d-4ea1-97b6-44806af9bb83,10,62.04
1097,c552ccd8-fd38-4951-a184-79c66d52c2ff,5,22.98
1097,eedeb762-e0c0-4b66-974d-d0aef5d3b215,13,37.03
1097,115e33a9-6ec3-4aea-bb13-cd16d2e4c3ab,8,41.52
1097,e44369a2-243d-4f3d-8468-c1c64d630c75,1,70.37
1097,c6694282-3655-47ed-a7bf-96c817c91005,20,71.03
1097,f9fc92ef-ce0d-4ea1-97b6-44806af9bb83,17,62.04
1097,3c2d38ea-7f15-41b9-8f47-2ffdbff0a370,20,51.44
1097,c058acb8-15ff-4f19-a1a9-c3f1f3333dd2,8,96.41
1097,488b5bb6-0f24-465e-a63a-11f14fdf815c,15,39.02
1097,89bc33a1-d387-42a4-8504-f853b9d27872,11,61.12
1097,eedeb762-e0c0-4b66-974d-d0aef5d3b215,13,37.03
1097,8a5826dd-a9d9-4e9b-aa96-a7d1bb55a2fb,11,46.63
1097,b17342a2-f5df-4583-8d8d-7777bbc4b76c,16,9.27
1098,3f879073-3a9c-4bed-8812-a0fca6bd6334,1,35.36
1098,21797e0e-4600-4fd9-8ca4-6d215c5a84d0,17,39.41
1098,489fe4c7-5541-482d-80e0-7ada9f4716cc,14,
1098,df31a785-d8ac-42c9-a121-9fabbf7b422f,6,24.55
1098,93024067-2c48-4bfb-9b23-cf9775e69932,4,57.39
1098,93058f16-d7b7-455b-8cc2-4be5036d5028,13,47.32
1098,54109e60-68c2-48b9-81cc-51718e32b1e2,13,74.7
1099,2abfb4bd-687e-4d40-ac6c-eafb693e1220,14,41.99
1099,6ca0bc7e-447f-417e-b0a0-6e9f7af56348,16,52.9
1099,3f879073-3a9c-4bed-8812-a0fca6bd6334,6,35.36
1099,f9fc92ef-ce0d-4ea1-97b6-44806af9bb83,16,62.04
1099,47c4f2b1-fdb1-44c1-a076-9893b7c90c69,16,48.93
1099,8a77f5b9-cbdf-44d4-bdda-e31ca7703803,14,40.71
1099,9bff7610-75ce-4138-a28a-31bc5d65b4c8,15,61.39
1099,ea8e0dc2-dc44-4f2f-8b71-9fbf374b5639,17,54.84
1099,7a442228-9188-4a8a-8482-7bb3a613d5d2,15,23.0
1099,5984e855-c842-4be2-83df-25aefa6fe2b2,19,24.53
1099,eedeb762-e0c0-4b66-974d-d0aef5d3b215,3,37.03
1099,8d71d44f-afe6-44f5-be9b-7b038b4afb45,20,90.22
1099,3f879073-3a9c-4bed-8812-a0fca6bd6334,11,35.36
1099,575ff7ba-c0ff-41cd-9082-2eeefb03ea93,10,59.54
1100,234de2c7-a8a7-41a0-afec-46b4acc4cb72,1,69.35
1100,93024067-2c48-4bfb-9b23-cf9775e69932,9,57.39
1100,5c9f23e1-361a-4cb8-ac26-a42c0b34daf6,14,24.45
1100,e0a3ba5d-5301-422b-8b96-d3c4b61d2109,13,8.58
1100,b17342a2-f5df-4583-8d8d-7777bbc4b76c,20,9.27
1100,b17342a2-f5df-4583-8d8d-7777bbc4b76c,20,9.27
1100,6ca0bc7e-447f-417e-b0a0-6e9f7af56348,4,52.9
1100,6682e541-878c-4ccb-ba57-d8662c92f0fd,13,17.87
1100,3650858c-14c6-4fbd-b04f-681d9ea1eaf1,15,36.27
1100,6682e541-878c-4ccb-ba57-d8662c92f0fd,11,17.87
1100,f98783e3-ffcd-44bb-b768-7d2487e42d3b,8,75.06
1101,4cada984-9349-4b8a-9d0a-023e95137ef7,19,
1101,b17342a2-f5df-4583-8d8d-7777bbc4b76c,2,9.27
1101,3c3a4846-4cfa-49b7-967b-71d7e5e95388,13,86.22
1101,a308e5be-2b43-4f34-9734-5eb72d3056c9,18,
1101,4a0a9caf-20fa-448d-9c44-4373f183b680,3,3.75
1101,93058f16-d7b7-455b-8cc2-4be5036d5028,8,47.32
1101,56babced-b085-4d77-8ede-ab43a1f65202,17,65.51
1101,819cad04-4b8d-4964-9a6d-954503a7e749,10,58.49
1101,7f8b2086-7a1b-4302-b4d7-880e4620fa0c,20,2.2
1101,ed9df682-22b3-47ef-8fc7-74d745d30a60,4,35.01
1101,ec699450-dcd0-4ca0-af29-2655239a9a19,10,4.6
1102,565da6b9-811e-4b09-b593-f381285124c6,17,63.74
1102,ec699450-dcd0-4ca0-af29-2655239a9a19,16,4.6
1102,ec699450-dcd0-4ca0-af29-2655239a9a19,1,4.6
1102,2c231196-d843-4324-a763-538247db7d1f,10,10.74
1102,ed9df682-22b3-47ef-8fc7-74d745d30a60,7,35.01
1102,c6694282-3655-47ed-a7bf-96c817c91005,8,71.03
1102,6ca0bc7e-447f-417e-b0a0-6e9f7af56348,9,52.9
1102,d28feae2-229f-4e2c-88cd-a16d055c098c,7,58.16
1102,a308e5be-2b43-4f34-9734-5eb72d3056c9,13,
1102,927dab0f-3c3f-4424-9b78-0254e41c66d2,4,95.6
1102,c724a0df-df86-4cc4-bc0e-31b672843e77,20,49.47
1103,5c587d97-bce6-4428-88b9-3953842cf153,7,9.72
1103,7ec5228e-0e1a-4fdc-a5b3-919a6ae2e695,18,69.35
1103,3047a714-d20a-49c5-ae92-0e21d3453527,20,36.2
1103,4519f21d-200a-40a0-8d2f-06fd853f5153,15,64.94
1103,0681cab2-a5a1-4ec0-bbd6-acb819d6b2f8,11,24.79
1103,ea8e0dc2-dc44-4f2f-8b71-9fbf374b5639,8,54.84
1103,56babced-b085-4d77-8ede-ab43a1f65202,14,65.51
1103,e0a3ba5d-5301-422b-8b96-d3c4b61d2109,4,8.58
1103,8820d77f-fe2d-47f7-a17b-1857cd24e7ce,18,
1103,255d9a40-8fce-4c0d-a214-dfb1d73cf4c3,16,69.54
1103,d7442445-937c-4c51-b7c3-b0d6384c947f,1,79.68
1104,7a442228-9188-4a8a-8482-7bb3a613d5d2,11,23.0
1104,927dab0f-3c3f-4424-9b78-0254e41c66d2,17,95.6
1104,c552ccd8-fd38-4951-a184-79c66d52c2ff,5,22.98
1104,2abfb4bd-687e-4d40-ac6c-eafb693e1220,10,41.99
1104,e64cb005-da25-4bba-9515-c9f22fc5c0ac,10,22.04
1104,21797e0e-4600-4fd9-8ca4-6d215c5a84d0,1,39.41
1104,489fe4c7-5541-482d-80e0-7ada9f4716cc,4,
1104,0b18e076-e4ad-40fc-8973-fd7169e662d6,2,5.23
1104,dc5f7bad-fa34-41b4-90f4-929a3382ff5f,8,94.78
1104,8d71d44f-afe6-44f5-be9b-7b038b4afb45,19,90.22
1104,6ca0bc7e-447f-417e-b0a0-6e9f7af56348,2,52.9
1104,c724a0df-df86-4cc4-bc0e-31b672843e77,20,49.47
1104,8a5826dd-a9d9-4e9b-aa96-a7d1bb55a2fb,15,46.63
1105,4b109920-36de-430a-b0b3-35eab744df34,15,33.36
1105,40e3feab-6309-4aca-96f7-f6cc5e227627,1,53.65
1105,3047a714-d20a-49c5-ae92-0e21d3453527,19,36.2
1105,929ae7bf-ad26-4e39-913a-3c2d89a6909f,15,30.02
1105,422a44ea-c65b-4e88-89bc-fd17cdfb910d,14,
1105,dc5f7bad-fa34-41b4-90f4-929a3382ff5f,9,94.78
1105,488b5bb6-0f24-465e-a63a-11f14fdf815c,17,39.02
1106,56e060bc-d11b-49a7-a025-a02b9978eb78,13,44.94
1106,ea8e0dc2-dc44-4f2f-8b71-9fbf374b5639,4,54.84
1106,56babced-b085-4d77-8ede-ab43a1f65202,16,65.51
1107,8d71d44f-afe6-44f5-be9b-7b038b4afb45,7,90.22
1107,dc5f7bad-fa34-41b4-90f4-929a3382ff5f,9,94.78
1107,d63b0116-e6ec-4c6b-9cec-47d85a5bd07e,2,25.18
1107,b17342a2-f5df-4583-8d8d-7777bbc4b76c,9,9.27
1107,9bff7610-75ce-4138-a28a-31bc5d65b4c8,10,61.39
1108,c552ccd8-fd38-4951-a184-79c66d52c2ff,8,22.98
1108,21aaa4b2-d68b-413b-8e07-76167a095e13,12,13.22
1108,255d9a40-8fce-4c0d-a214-dfb1d73cf4c3,14,69.54
1108,3f879073-3a9c-4bed-8812-a0fca6bd6334,5,35.36
1108,f9fc92ef-ce0d-4ea1-97b6-44806af9bb83,6,62.04
1108,929ae7bf-ad26-4e39-913a-3c2d89a6909f,2,30.02
1108,7d829d81-f579-45cc-acbe-8e03bf98095d,15,95.42
1109,52d4d0ab-bf4a-434b-a9b0-f4b364873627,14,96.65
1109,d3fbd332-b244-4170-a5c9-a65e727ca9d5,17,20.8
1109,7ec5228e-0e1a-4fdc-a5b3-919a6ae2e695,20,69.35
1109,9bff7610-75ce-4138-a28a-31bc5d65b4c8,4,61.39
1110,f98783e3-ffcd-44bb-b768-7d2487e42d3b,12,75.06
1110,5984e855-c842-4be2-83df-25aefa6fe2b2,11,24.53
1110,575ff7ba-c0ff-41cd-9082-2eeefb03ea93,6,59.54
1110,21797e0e-4600-4fd9-8ca4-6d215c5a84d0,19,39.41
1110,b5efc8ee-a2be-4812-bb74-029376908811,17,62.22
1110,5c9f23e1-361a-4cb8-ac26-a42c0b34daf6,6,24.45
1110,3c2d38ea-7f15-41b9-8f47-2ffdbff0a370,18,51.44
1110,422a44ea-c65b-4e88-89bc-fd17cdfb910d,18,
1110,bef325bf-00d5-4373-a676-9eb13383f29b,20,98.94
1111,889ac4bc-4ae5-43a3-9a8b-7edd922cb9b3,4,
1111,0878662f-de11-4bc5-8759-45cf270e548d,14,42.42
1111,4b109920-36de-430a-b0b3-35eab744df34,19,33.36
1111,3f879073-3a9c-4bed-8812-a0fca6bd6334,11,35.36
1111,be3ade9c-b596-49e9-bc90-7dd61435f18b,1,47.61
1111,3f879073-3a9c-4bed-8812-a0fca6bd6334,7,35.36
1111,d63b0116-e6ec-4c6b-9cec-47d85a5bd07e,2,25.18
1111,ed9df682-22b3-47ef-8fc7-74d745d30a60,16,35.01
1111,56babced-b085-4d77-8ede-ab43a1f65202,11,65.51
1111,93058f16-d7b7-455b-8cc2-4be5036d5028,13,47.32
1111,6ca0bc7e-447f-417e-b0a0-6e9f7af56348,4,52.9
1111,b343fb2c-600b-47ca-9d83-664d3491cafe,11,11.94
1111,be3ade9c-b596-49e9-bc90-7dd61435f18b,18,47.61
1111,c552ccd8-fd38-4951-a184-79c66d52c2ff,8,22.98
1112,4b85349d-7dde-4074-9642-1c9c1f5e02e5,3,17.22
1112,7a442228-9188-4a8a-8482-7bb3a613d5d2,8,23.0
1112,3047a714-d20a-49c5-ae92-0e21d3453527,7,36.2
1112,489fe4c7-5541-482d-80e0-7ada9f4716cc,9,
1112,0681cab2-a5a1-4ec0-bbd6-acb819d6b2f8,13,24.79
1112,ed9df682-22b3-47ef-8fc7-74d745d30a60,13,35.01
1113,e44369a2-243d-4f3d-8468-c1c64d630c75,7,70.37
1113,e44369a2-243d-4f3d-8468-c1c64d630c75,12,70.37
1113,df31a785-d8ac-42c9-a121-9fabbf7b422f,12,24.55
1113,4cada984-9349-4b8a-9d0a-023e95137ef7,16,
1113,6ca0bc7e-447f-417e-b0a0-6e9f7af56348,8,52.9
1113,5c587d97-bce6-4428-88b9-3953842cf153,20,9.72
1114,7d829d81-f579-45cc-acbe-8e03bf98095d,16,95.42
1114,8a77f5b9-cbdf-44d4-bdda-e31ca7703803,1,40.71
1115,f9fc92ef-ce0d-4ea1-97b6-44806af9bb83,7,62.04
1115,9bff7610-75ce-4138-a28a-31bc5d65b4c8,16,61.39
1115,4840e2ac-9969-43c1-8bf9-bd1319ff88ad,2,1.43
1115,dc4a8770-1bed-4709-a853-7c318e33622a,16,62.53
1115,234de2c7-a8a7-41a0-afec-46b4acc4cb72,8,69.35
1115,889ac4bc-4ae5-43a3-9a8b-7edd922cb9b3,3,
1115,3b955c7a-be54-441f-aa9e-5cbabed00a2c,3,7.47
1115,a794d78b-a605-40f8-a3eb-46f5a9f5cf91,12,28.0
1115,54109e60-68c2-48b9-81cc-51718e32b1e2,16,74.7
1115,d7442445-937c-4c51-b7c3-b0d6384c947f,16,79.68
1115,21797e0e-4600-4fd9-8ca4-6d215c5a84d0,19,39.41
1115,c527b44e-0d6f-43f7-ba2d-364050026e89,3,33.8
1116,21aaa4b2-d68b-413b-8e07-76167a095e13,8,13.22
1116,e64cb005-da25-4bba-9515-c9f22fc5c0ac,19,22.04
1116,2abfb4bd-687e-4d40-ac6c-eafb693e1220,15,41.99
1116,4519f21d-200a-40a0-8d2f-06fd853f5153,1,64.94
1116,a308e5be-2b43-4f34-9734-5eb72d3056c9,12,
1116,1d6f626f-38f3-4088-96ae-1c2dc7b682d4,1,31.51
1116,e8be28d0-8d7c-405a-b95b-76632b8451e5,11,57.32
1116,819cad04-4b8d-4964-9a6d-954503a7e749,14,58.49
1116,927dab0f-3c3f-4424-9b78-0254e41c66d2,12,95.6
1117,93058f16-d7b7-455b-8cc2-4be5036d5028,7,47.32
1117,3082cc54-5f25-4e3c-b368-4e8e69d55049,8,9.28
1117,e8be28d0-8d7c-405a-b95b-76632b8451e5,14,57.32
1118,56e060bc-d11b-49a7-a025-a02b9978eb78,1,44.94
1118,7a442228-9188-4a8a-8482-7bb3a613d5d2,13,23.0
1118,f9fc92ef-ce0d-4ea1-97b6-44806af9bb83,7,62.04
1118,16b47e78-b914-4a4a-9f2f-28d7d65f5c23,18,
1118,4b109920-36de-430a-b0b3-35eab744df34,20,33.36
1119,c6694282-3655-47ed-a7bf-96c817c91005,2,71.03
1119,575ff7ba-c0ff-41cd-9082-2eeefb03ea93,16,59.54
1119,7a442228-9188-4a8a-8482-7bb3a613d5d2,19,23.0
1119,e44369a2-243d-4f3d-8468-c1c64d630c75,13,70.37
1119,115e33a9-6ec3-4aea-bb13-cd16d2e4c3ab,15,41.52
1119,bef325bf-00d5-4373-a676-9eb13383f29b,6,98.94
1119,5984e855-c842-4be2-83df-25aefa6fe2b2,12,24.53
1120,9bff7610-75ce-4138-a28a-31bc5d65b4c8,8,61.39
1120,2c231196-d843-4324-a763-538247db7d1f,1,10.74
1120,575ff7ba-c0ff-41cd-9082-2eeefb03ea93,5,59.54
1120,7f8b2086-7a1b-4302-b4d7-880e4620fa0c,13,2.2
1121,dc5f7bad-fa34-41b4-90f4-929a3382ff5f,17,94.78
1121,3f879073-3a9c-4bed-8812-a0fca6bd6334,15,35.36
1121,8d71d44f-afe6-44f5-be9b-7b038b4afb45,4,90.22
1121,d28feae2-229f-4e2c-88cd-a16d055c098c,8,58.16
1121,7f48540b-b8a5-4263-b3b4-78c38f51544f,7,49.36
1121,dd314b03-39c4-4c7f-89bb-c4a376ff0073,10,91.16
1121,489fe4c7-5541-482d-80e0-7ada9f4716cc,2,
1121,45c2fc66-26e4-4de9-acd7-a7a408b3740e,20,7.3
1121,56e060bc-d11b-49a7-a025-a02b9978eb78,14,44.94
1122,4b85349d-7dde-4074-9642-1c9c1f5e02e5,10,17.22
1123,6682e541-878c-4ccb-ba57-d8662c92f0fd,18,17.87
1123,e64cb005-da25-4bba-9515-c9f22fc5c0ac,12,22.04
1123,f98783e3-ffcd-44bb-b768-7d2487e42d3b,15,75.06
1123,8a5826dd-a9d9-4e9b-aa96-a7d1bb55a2fb,11,46.63
1123,927dab0f-3c3f-4424-9b78-0254e41c66d2,7,95.6
1123,8a77f5b9-cbdf-44d4-bdda-e31ca7703803,17,40.71
1123,1d6f626f-38f3-4088-96ae-1c2dc7b682d4,9,31.51
1123,df31a785-d8ac-42c9-a121-9fabbf7b422f,5,24.55
1124,5c9f23e1-361a-4cb8-ac26-a42c0b34daf6,19,24.45
1125,3082cc54-5f25-4e3c-b368-4e8e69d55049,8,9.28
1126,16b47e78-b914-4a4a-9f2f-28d7d65f5c23,17,
1126,0b18e076-e4ad-40fc-8973-fd7169e662d6,6,5.23
1126,e0a3ba5d-5301-422b-8b96-d3c4b61d2109,3,8.58
1126,115e33a9-6ec3-4aea-bb13-cd16d2e4c3ab,15,41.52
1126,e8be28d0-8d7c-405a-b95b-76632b8451e5,11,57.32
1126,7d829d81-f579-45cc-acbe-8e03bf98095d,5,95.42
1126,5984e855-c842-4be2-83df-25aefa6fe2b2,13,24.53
1126,3c2d38ea-7f15-41b9-8f47-2ffdbff0a370,2,51.44
1127,488b5bb6-0f24-465e-a63a-11f14fdf815c,12,39.02
1127,488b5bb6-0f24-465e-a63a-11f14fdf815c,6,39.02
1127,565da6b9-811e-4b09-b593-f381285124c6,8,63.74
1127,819cad04-4b8d-4964-9a6d-954503a7e749,5,58.49
1127,c527b44e-0d6f-43f7-ba2d-364050026e89,2,33.8
1128,0878662f-de11-4bc5-8759-45cf270e548d,18,42.42
1128,c058acb8-15ff-4f19-a1a9-c3f1f3333dd2,14,96.41
1128,93024067-2c48-4bfb-9b23-cf9775e69932,5,57.39
1129,488b5bb6-0f24-465e-a63a-11f14fdf815c,12,39.02
1129,6682e541-878c-4ccb-ba57-d8662c92f0fd,19,17.87
1129,bef325bf-00d5-4373-a676-9eb13383f29b,10,98.94
1129,a3d57017-2065-4ad7-a722-58244bf9a06b,17,88.46
1129,929ae7bf-ad26-4e39-913a-3c2d89a6909f,2,30.02
1129,d7442445-937c-4c51-b7c3-b0d6384c947f,16,79.68
1129,c527b44e-0d6f-43f7-ba2d-364050026e89,15,33.8
1129,c058acb8-15ff-4f19-a1a9-c3f1f3333dd2,9,96.41
1129,d3fbd332-b244-4170-a5c9-a65e727ca9d5,11,20.8
1129,93024067-2c48-4bfb-9b23-cf9775e69932,17,57.39
1129,3b955c7a-be54-441f-aa9e-5cbabed00a2c,8,7.47
1130,489fe4c7-5541-482d-80e0-7ada9f4716cc,16,
1130,e64cb005-da25-4bba-9515-c9f22fc5c0ac,18,22.04
1130,2c231196-d843-4324-a763-538247db7d1f,15,10.74
1130,7f48540b-b8a5-4263-b3b4-78c38f51544f,20,49.36
1130,3082cc54-5f25-4e3c-b368-4e8e69d55049,14,9.28
1130,2abfb4bd-687e-4d40-ac6c-eafb693e1220,1,41.99
1130,3650858c-14c6-4fbd-b04f-681d9ea1eaf1,18,36.27
1130,8a5826dd-a9d9-4e9b-aa96-a7d1bb55a2fb,15,46.63
1130,9bff7610-75ce-4138-a28a-31bc5d65b4c8,1,61.39
1130,d28feae2-229f-4e2c-88cd-a16d055c098c,20,58.16
1130,4cada984-9349-4b8a-9d0a-023e95137ef7,9,
1130,be3ade9c-b596-49e9-bc90-7dd61435f18b,1,47.61
1130,8a5826dd-a9d9-4e9b-aa96-a7d1bb55a2fb,14,46.63
1131,eedeb762-e0c0-4b66-974d-d0aef5d3b215,12,37.03
1131,be5eafa5-99ba-4cd3-b71d-b9c5b0dd76ea,10,79.24
1131,bef325bf-00d5-4373-a676-9eb13383f29b,9,98.94
1131,2ff97c53-c1d5-4ec7-8c6e-d593f4d60337,17,94.2
1131,819cad04-4b8d-4964-9a6d-954503a7e749,18,58.49
1131,488b5bb6-0f24-465e-a63a-11f14fdf815c,9,39.02
1131,889ac4bc-4ae5-43a3-9a8b-7edd922cb9b3,11,
1131,e0a3ba5d-5301-422b-8b96-d3c4b61d2109,10,8.58
1132,be3ade9c-b596-49e9-bc90-7dd61435f18b,2,47.61
1132,927dab0f-3c3f-4424-9b78-0254e41c66d2,4,95.6
1133,550c3ca1-a22e-44fd-b5b3-d93bbca4d87f,13,76.87
1133,e8be28d0-8d7c-405a-b95b-76632b8451e5,19,57.32
1133,115e33a9-6ec3-4aea-bb13-cd16d2e4c3ab,1,41.52
1133,550c3ca1-a22e-44fd-b5b3-d93bbca4d87f,20,76.87
1133,889ac4bc-4ae5-43a3-9a8b-7edd922cb9b3,17,
1133,4840e2ac-9969-43c1-8bf9-bd1319ff88ad,4,1.43
1134,6ca0bc7e-447f-417e-b0a0-6e9f7af56348,17,52.9
1134,dc4a8770-1bed-4709-a853-7c318e33622a,3,62.53
1134,e44369a2-243d-4f3d-8468-c1c64d630c75,14,70.37
1134,c552ccd8-fd38-4951-a184-79c66d52c2ff,7,22.98
1134,3c3a4846-4cfa-49b7-967b-71d7e5e95388,13,86.22
1134,1d6f626f-38f3-4088-96ae-1c2dc7b682d4,11,31.51
1135,0b18e076-e4ad-40fc-8973-fd7169e662d6,6,5.23
1135,929ae7bf-ad26-4e39-913a-3c2d89a6909f,13,30.02
1135,3b955c7a-be54-441f-aa9e-5cbabed00a2c,4,7.47
1135,0b18e076-e4ad-40fc-8973-fd7169e662d6,17,5.23
1135,dc4a8770-1bed-4709-a853-7c318e33622a,17,62.53
1135,47c4f2b1-fdb1-44c1-a076-9893b7c90c69,3,48.93
1135,e44369a2-243d-4f3d-8468-c1c64d630c75,2,70.37
1135,255d9a40-8fce-4c0d-a214-dfb1d73cf4c3,16,69.54
1136,4a0a9caf-20fa-448d-9c44-4373f183b680,15,3.75
1136,255d9a40-8fce-4c0d-a214-dfb1d73cf4c3,15,69.54
1137,255d9a40-8fce-4c0d-a214-dfb1d73cf4c3,13,69.54
1137,b244aa4f-b282-4ada-8623-4989b37d6656,16,15.07
1137,e0a3ba5d-5301-422b-8b96-d3c4b61d2109,1,8.58
1137,5c9f23e1-361a-4cb8-ac26-a42c0b34daf6,9,24.45
1137,422a44ea-c65b-4e88-89bc-fd17cdfb910d,5,
1137,7f8b2086-7a1b-4302-b4d7-880e4620fa0c,2,2.2
1137,ec699450-dcd0-4ca0-af29-2655239a9a19,19,4.6
1137,0681cab2-a5a1-4ec0-bbd6-acb819d6b2f8,2,24.79
1137,2c231196-d843-4324-a763-538247db7d1f,18,10.74
1138,be5eafa5-99ba-4cd3-b71d-b9c5b0dd76ea,5,79.24
1139,3047a714-d20a-49c5-ae92-0e21d3453527,14,36.2
1139,d63b0116-e6ec-4c6b-9cec-47d85a5bd07e,14,25.18
1139,4a0a9caf-20fa-448d-9c44-4373f183b680,13,3.75
1139,ec699450-dcd0-4ca0-af29-2655239a9a19,12,4.6
1139,7f48540b-b8a5-4263-b3b4-78c38f51544f,16,49.36
1139,c058acb8-15ff-4f19-a1a9-c3f1f3333dd2,17,96.41
1139,89bc33a1-d387-42a4-8504-f853b9d27872,5,61.12
1139,c527b44e-0d6f-43f7-ba2d-364050026e89,15,33.8
1140,f9fc92ef-ce0d-4ea1-97b6-44806af9bb83,3,62.04
1140,115e33a9-6ec3-4aea-bb13-cd16d2e4c3ab,8,41.52
1141,422a44ea-c65b-4e88-89bc-fd17cdfb910d,15,
1141,927dab0f-3c3f-4424-9b78-0254e41c66d2,12,95.6
1141,93058f16-d7b7-455b-8cc2-4be5036d5028,5,47.32
1141,5984e855-c842-4be2-83df-25aefa6fe2b2,6,24.53
1141,7d829d81-f579-45cc-acbe-8e03bf98095d,8,95.42
1141,488b5bb6-0f24-465e-a63a-11f14fdf815c,4,39.02
1141,0878662f-de11-4bc5-8759-45cf270e548d,3,42.42
1141,56babced-b085-4d77-8ede-ab43a1f65202,20,65.51
1141,565da6b9-811e-4b09-b593-f381285124c6,15,63.74
1141,21aaa4b2-d68b-413b-8e07-76167a095e13,5,13.22
1141,93024067-2c48-4bfb-9b23-cf9775e69932,15,57.39
1141,3c3a4846-4cfa-49b7-967b-71d7e5e95388,2,86.22
1141,2ff97c53-c1d5-4ec7-8c6e-d593f4d60337,18,94.2
1142,54109e60-68c2-48b9-81cc-51718e32b1e2,11,74.7
1142,40e3feab-6309-4aca-96f7-f6cc5e227627,16,53.65
1142,16b47e78-b914-4a4a-9f2f-28d7d65f5c23,19,
1142,3c3a4846-4cfa-49b7-967b-71d7e5e95388,11,86.22
1142,255d9a40-8fce-4c0d-a214-dfb1d73cf4c3,20,69.54
1142,f222887c-b71f-4979-a318-935ec036d898,19,18.38
1142,489fe4c7-5541-482d-80e0-7ada9f4716cc,16,
1143,b244aa4f-b282-4ada-8623-4989b37d6656,17,15.07
1143,89bc33a1-d387-42a4-8504-f853b9d27872,9,61.12
1143,1d6f626f-38f3-4088-96ae-1c2dc7b682d4,5,31.51
1143,6ca0bc7e-447f-417e-b0a0-6e9f7af56348,11,52.9
1144,f98783e3-ffcd-44bb-b768-7d2487e42d3b,6,75.06
1144,f98783e3-ffcd-44bb-b768-7d2487e42d3b,13,75.06
1144,1e848585-42f1-48c4-87a8-1981d0a7ce68,14,76.75
1144,4519f21d-200a-40a0-8d2f-06fd853f5153,6,64.94
1144,1e848585-42f1-48c4-87a8-1981d0a7ce68,15,76.75
1144,5c9f23e1-361a-4cb8-ac26-a42c0b34daf6,13,24.45
1144,4a0a9caf-20fa-448d-9c44-4373f183b680,15,3.75
1144,21797e0e-4600-4fd9-8ca4-6d215c5a84d0,12,39.41
1145,c058acb8-15ff-4f19-a1a9-c3f1f3333dd2,15,96.41
1145,6682e541-878c-4ccb-ba57-d8662c92f0fd,7,17.87
1146,3f879073-3a9c-4bed-8812-a0fca6bd6334,7,35.36
1146,7f8b2086-7a1b-4302-b4d7-880e4620fa0c,3,2.2
1146,c552ccd8-fd38-4951-a184-79c66d52c2ff,6,22.98
1146,47c4f2b1-fdb1-44c1-a076-9893b7c90c69,8,48.93
1146,1d6f626f-38f3-4088-96ae-1c2dc7b682d4,7,31.51
1146,929ae7bf-ad26-4e39-913a-3c2d89a6909f,20,30.02
1146,7a442228-9188-4a8a-8482-7bb3a613d5d2,1,23.0
1147,c527b44e-0d6f-43f7-ba2d-364050026e89,13,33.8
1147,21aaa4b2-d68b-413b-8e07-76167a095e13,16,13.22
1147,489fe4c7-5541-482d-80e0-7ada9f4716cc,12,
1147,0878662f-de11-4bc5-8759-45cf270e548d,8,42.42
1148,52d4d0ab-bf4a-434b-a9b0-f4b364873627,11,96.65
1148,e0a3ba5d-5301-422b-8b96-d3c4b61d2109,10,8.58
1148,b343fb2c-600b-47ca-9d83-664d3491cafe,11,11.94
1148,bef325bf-00d5-4373-a676-9eb13383f29b,3,98.94
1148,89bc33a1-d387-42a4-8504-f853b9d27872,19,61.12
1148,89bc33a1-d387-42a4-8504-f853b9d27872,4,61.12
1148,3f879073-3a9c-4bed-8812-a0fca6bd6334,4,35.36
1148,7d829d81-f579-45cc-acbe-8e03bf98095d,15,95.42
1148,889ac4bc-4ae5-43a3-9a8b-7edd922cb9b3,12,
1149,dd314b03-39c4-4c7f-89bb-c4a376ff0073,3,91.16
1149,255d9a40-8fce-4c0d-a214-dfb1d73cf4c3,13,69.54
1149,d28feae2-229f-4e2c-88cd-a16d055c098c,4,58.16
1149,df31a785-d8ac-42c9-a121-9fabbf7b422f,15,24.55
1149,45c2fc66-26e4-4de9-acd7-a7a408b3740e,3,7.3
1149,d7442445-937c-4c51-b7c3-b0d6384c947f,5,79.68
1149,52d4d0ab-bf4a-434b-a9b0-f4b364873627,16,96.65
1149,4a0a9caf-20fa-448d-9c44-4373f183b680,6,3.75
1149,e44369a2-243d-4f3d-8468-c1c64d630c75,2,70.37
1149,bef325bf-00d5-4373-a676-9eb13383f29b,16,98.94
1149,16b47e78-b914-4a4a-9f2f-28d7d65f5c23,19,
1149,3c3a4846-4cfa-49b7-967b-71d7e5e95388,2,86.22
1149,2abfb4bd-687e-4d40-ac6c-eafb693e1220,14,41.99
1149,ff1427e3-56b2-4943-a770-2f64a20b4d5c,6,43.78
1150,8820d77f-fe2d-47f7-a17b-1857cd24e7ce,10,
1150,e44369a2-243d-4f3d-8468-c1c64d630c75,7,70.37
1150,7ec5228e-0e1a-4fdc-a5b3-919a6ae2e695,11,69.35
1150,929ae7bf-ad26-4e39-913a-3c2d89a6909f,13,30.02
1150,7ec5228e-0e1a-4fdc-a5b3-919a6ae2e695,14,69.35
1150,ed9df682-22b3-47ef-8fc7-74d745d30a60,11,35.01
1151,ec699450-dcd0-4ca0-af29-2655239a9a19,11,4.6
1151,8a77f5b9-cbdf-44d4-bdda-e31ca7703803,16,40.71
1151,b17342a2-f5df-4583-8d8d-7777bbc4b76c,10,9.27
1151,a3d57017-2065-4ad7-a722-58244bf9a06b,10,88.46
1151,8820d77f-fe2d-47f7-a17b-1857cd24e7ce,18,
1151,4cada984-9349-4b8a-9d0a-023e95137ef7,2,
1151,bef325bf-00d5-4373-a676-9eb13383f29b,3,98.94
1151,a308e5be-2b43-4f34-9734-5eb72d3056c9,3,
1152,3650858c-14c6-4fbd-b04f-681d9ea1eaf1,6,36.27
1152,c552ccd8-fd38-4951-a184-79c66d52c2ff,15,22.98
1152,e8be28d0-8d7c-405a-b95b-76632b8451e5,7,57.32
1152,4b85349d-7dde-4074-9642-1c9c1f5e02e5,20,17.22
1152,550c3ca1-a22e-44fd-b5b3-d93bbca4d87f,10,76.87
1152,e0a3ba5d-5301-422b-8b96-d3c4b61d2109,1,8.58
1152,21797e0e-4600-4fd9-8ca4-6d215c5a84d0,9,39.41
1152,eedeb762-e0c0-4b66-974d-d0aef5d3b215,2,37.03
1152,52d4d0ab-bf4a-434b-a9b0-f4b364873627,19,96.65
1152,c527b44e-0d6f-43f7-ba2d-364050026e89,20,33.8
1152,929ae7bf-ad26-4e39-913a-3c2d89a6909f,13,30.02
1152,b17342a2-f5df-4583-8d8d-7777bbc4b76c,14,9.27
1153,47c4f2b1-fdb1-44c1-a076-9893b7c90c69,8,48.93
1153,8d71d44f-afe6-44f5-be9b-7b038b4afb45,18,90.22
1153,0b18e076-e4ad-40fc-8973-fd7169e662d6,8,5.23
1153,a3d57017-2065-4ad7-a722-58244bf9a06b,5,88.46
1153,422a44ea-c65b-4e88-89bc-fd17cdfb910d,14,
1153,ff1427e3-56b2-4943-a770-2f64a20b4d5c,19,43.78
1153,4b109920-36de-430a-b0b3-35eab744df34,18,33.36
1153,dd314b03-39c4-4c7f-89bb-c4a376ff0073,12,91.16
1153,3c2d38ea-7f15-41b9-8f47-2ffdbff0a370,4,51.44
1154,6682e541-878c-4ccb-ba57-d8662c92f0fd,20,17.87
1154,6ca0bc7e-447f-417e-b0a0-6e9f7af56348,2,52.9
1154,40e3feab-6309-4aca-96f7-f6cc5e227627,1,53.65
1154,ff1427e3-56b2-4943-a770-2f64a20b4d5c,17,43.78
1154,550c3ca1-a22e-44fd-b5b3-d93bbca4d87f,17,76.87
1154,4519f21d-200a-40a0-8d2f-06fd853f5153,12,64.94
1154,4840e2ac-9969-43c1-8bf9-bd1319ff88ad,10,1.43
1154,f9fc92ef-ce0d-4ea1-97b6-44806af9bb83,3,62.04
1154,6682e541-878c-4ccb-ba57-d8662c92f0fd,6,17.87
1154,e44369a2-243d-4f3d-8468-c1c64d630c75,11,70.37
1154,3c2d38ea-7f15-41b9-8f47-2ffdbff0a370,3,51.44
1154,ff1427e3-56b2-4943-a770-2f64a20b4d5c,10,43.78
1154,b5efc8ee-a2be-4812-bb74-029376908811,6,62.22
1154,05342617-f3bf-47d5-a704-54d08ff4796b,13,30.37
1155,b343fb2c-600b-47ca-9d83-664d3491cafe,7,11.94
1155,93024067-2c48-4bfb-9b23-cf9775e69932,15,57.39
1155,b244aa4f-b282-4ada-8623-4989b37d6656,8,15.07
1155,2c231196-d843-4324-a763-538247db7d1f,15,10.74
1155,255d9a40-8fce-4c0d-a214-dfb1d73cf4c3,1,69.54
1155,b5efc8ee-a2be-4812-bb74-029376908811,18,62.22
1155,89bc33a1-d387-42a4-8504-f853b9d27872,19,61.12
1155,3c2d38ea-7f15-41b9-8f47-2ffdbff0a370,19,51.44
1155,93058f16-d7b7-455b-8cc2-4be5036d5028,6,47.32
1155,56e060bc-d11b-49a7-a025-a02b9978eb78,11,44.94
1155,16b47e78-b914-4a4a-9f2f-28d7d65f5c23,20,
1155,45c2fc66-26e4-4de9-acd7-a7a408b3740e,12,7.3
1156,7a442228-9188-4a8a-8482-7bb3a613d5d2,8,23.0
1156,5c9f23e1-361a-4cb8-ac26-a42c0b34daf6,18,24.45
1156,40e3feab-6309-4aca-96f7-f6cc5e227627,9,53.65
1156,ed9df682-22b3-47ef-8fc7-74d745d30a60,20,35.01
1156,d28feae2-229f-4e2c-88cd-a16d055c098c,13,58.16
1156,7f48540b-b8a5-4263-b3b4-78c38f51544f,16,49.36
1156,5984e855-c842-4be2-83df-25aefa6fe2b2,16,24.53
1156,4840e2ac-9969-43c1-8bf9-bd1319ff88ad,9,1.43
1156,7a442228-9188-4a8a-8482-7bb3a613d5d2,2,23.0
1157,3650858c-14c6-4fbd-b04f-681d9ea1eaf1,12,36.27
1157,c527b44e-0d6f-43f7-ba2d-364050026e89,1,33.8
1157,0878662f-de11-4bc5-8759-45cf270e548d,2,42.42
1157,5c587d97-bce6-4428-88b9-3953842cf153,12,9.72
1157,56e060bc-d11b-49a7-a025-a02b9978eb78,8,44.94
1157,e64cb005-da25-4bba-9515-c9f22fc5c0ac,8,22.04
1157,5c9f23e1-361a-4cb8-ac26-a42c0b34daf6,20,24.45
1157,5984e855-c842-4be2-83df-25aefa6fe2b2,19,24.53
1157,d7442445-937c-4c51-b7c3-b0d6384c947f,13,79.68
1157,8d71d44f-afe6-44f5-be9b-7b038b4afb45,3,90.22
1157,8a77f5b9-cbdf-44d4-bdda-e31ca7703803,9,40.71
1157,05342617-f3bf-47d5-a704-54d08ff4796b,20,30.37
1157,255d9a40-8fce-4c0d-a214-dfb1d73cf4c3,14,69.54
1157,575ff7ba-c0ff-41cd-9082-2eeefb03ea93,12,59.54
1158,f222887c-b71f-4979-a318-935ec036d898,5,18.38
1158,e44369a2-243d-4f3d-8468-c1c64d630c75,19,70.37
1158,5984e855-c842-4be2-83df-25aefa6fe2b2,7,24.53
1158,3b955c7a-be54-441f-aa9e-5cbabed00a2c,19,7.47
1158,7ec5228e-0e1a-4fdc-a5b3-919a6ae2e695,8,69.35
1158,56e060bc-d11b-49a7-a025-a02b9978eb78,18,44.94
1158,819cad04-4b8d-4964-9a6d-954503a7e749,7,58.49
1158,7a442228-9188-4a8a-8482-7bb3a613d5d2,17,23.0
1159,4cada984-9349-4b8a-9d0a-023e95137ef7,14,
1159,c552ccd8-fd38-4951-a184-79c66d52c2ff,14,22.98
1160,21aaa4b2-d68b-413b-8e07-76167a095e13,12,13.22
1160,929ae7bf-ad26-4e39-913a-3c2d89a6909f,3,30.02
1160,7d829d81-f579-45cc-acbe-8e03bf98095d,4,95.42
1160,c552ccd8-fd38-4951-a184-79c66d52c2ff,4,22.98
1160,7ec5228e-0e1a-4fdc-a5b3-919a6ae2e695,16,69.35
1160,6ca0bc7e-447f-417e-b0a0-6e9f7af56348,17,52.9
1160,819cad04-4b8d-4964-9a6d-954503a7e749,12,58.49
1160,927dab0f-3c3f-4424-9b78-0254e41c66d2,11,95.6
1160,9bff7610-75ce-4138-a28a-31bc5d65b4c8,12,61.39
1161,be3ade9c-b596-49e9-bc90-7dd61435f18b,4,47.61
1162,b244aa4f-b282-4ada-8623-4989b37d6656,13,15.07
1162,a308e5be-2b43-4f34-9734-5eb72d3056c9,12,
1162,e0a3ba5d-5301-422b-8b96-d3c4b61d2109,15,8.58
1162,d28feae2-229f-4e2c-88cd-a16d055c098c,6,58.16
1162,f9fc92ef-ce0d-4ea1-97b6-44806af9bb83,7,62.04
1162,7ec5228e-0e1a-4fdc-a5b3-919a6ae2e695,4,69.35
1162,3082cc54-5f25-4e3c-b368-4e8e69d55049,10,9.28
1162,dc5f7bad-fa34-41b4-90f4-929a3382ff5f,16,94.78
1163,ec699450-dcd0-4ca0-af29-2655239a9a19,2,4.6
1163,2abfb4bd-687e-4d40-ac6c-eafb693e1220,15,41.99
1164,dc4a8770-1bed-4709-a853-7c318e33622a,14,62.53
1164,550c3ca1-a22e-44fd-b5b3-d93bbca4d87f,10,76.87
1164,4a0a9caf-20fa-448d-9c44-4373f183b680,7,3.75
1164,3650858c-14c6-4fbd-b04f-681d9ea1eaf1,9,36.27
1164,40e3feab-6309-4aca-96f7-f6cc5e227627,19,53.65
1164,0b18e076-e4ad-40fc-8973-fd7169e662d6,19,5.23
1164,489fe4c7-5541-482d-80e0-7ada9f4716cc,17,
1164,422a44ea-c65b-4e88-89bc-fd17cdfb910d,1,
1164,b343fb2c-600b-47ca-9d83-664d3491cafe,18,11.94
1164,1d6f626f-38f3-4088-96ae-1c2dc7b682d4,4,31.51
1164,d7442445-937c-4c51-b7c3-b0d6384c947f,5,79.68
1164,c058acb8-15ff-4f19-a1a9-c3f1f3333dd2,5,96.41
1164,8820d77f-fe2d-47f7-a17b-1857cd24e7ce,9,
1165,8a77f5b9-cbdf-44d4-bdda-e31ca7703803,18,40.71
1165,c724a0df-df86-4cc4-bc0e-31b672843e77,2,49.47
1165,d7442445-937c-4c51-b7c3-b0d6384c947f,1,79.68
1165,ea8e0dc2-dc44-4f2f-8b71-9fbf374b5639,6,54.84
1165,ed9df682-22b3-47ef-8fc7-74d745d30a60,3,35.01
1165,5984e855-c842-4be2-83df-25aefa6fe2b2,15,24.53
1165,e64cb005-da25-4bba-9515-c9f22fc5c0ac,10,22.04
1166,2ff97c53-c1d5-4ec7-8c6e-d593f4d60337,16,94.2
1166,565da6b9-811e-4b09-b593-f381285124c6,7,63.74
1166,4b109920-36de-430a-b0b3-35eab744df34,8,33.36
1166,4b85349d-7dde-4074-9642-1c9c1f5e02e5,13,17.22
1167,ed9df682-22b3-47ef-8fc7-74d745d30a60,14,35.01
1167,e0a3ba5d-5301-422b-8b96-d3c4b61d2109,1,8.58
1167,4a0a9caf-20fa-448d-9c44-4373f183b680,6,3.75
1167,9bff7610-75ce-4138-a28a-31bc5d65b4c8,8,61.39
1167,0b18e076-e4ad-40fc-8973-fd7169e662d6,2,5.23
1167,3650858c-14c6-4fbd-b04f-681d9ea1eaf1,20,36.27
1167,7ec5228e-0e1a-4fdc-a5b3-919a6ae2e695,12,69.35
1167,a308e5be-2b43-4f34-9734-5eb72d3056c9,2,
1167,e44369a2-243d-4f3d-8468-c1c64d630c75,16,70.37
1168,f98783e3-ffcd-44bb-b768-7d2487e42d3b,6,75.06
1169,4840e2ac-9969-43c1-8bf9-bd1319ff88ad,15,1.43
1169,489fe4c7-5541-482d-80e0-7ada9f4716cc,19,
1169,93058f16-d7b7-455b-8cc2-4be5036d5028,18,47.32
1169,565da6b9-811e-4b09-b593-f381285124c6,3,63.74
1169,0681cab2-a5a1-4ec0-bbd6-acb819d6b2f8,14,24.79
1169,5984e855-c842-4be2-83df-25aefa6fe2b2,6,24.53
1169,1e848585-42f1-48c4-87a8-1981d0a7ce68,19,76.75
1169,21aaa4b2-d68b-413b-8e07-76167a095e13,15,13.22
1170,422a44ea-c65b-4e88-89bc-fd17cdfb910d,10,
1170,8a5826dd-a9d9-4e9b-aa96-a7d1bb55a2fb,19,46.63
1170,819cad04-4b8d-4964-9a6d-954503a7e749,3,58.49
1170,d3fbd332-b244-4170-a5c9-a65e727ca9d5,13,20.8
1170,3650858c-14c6-4fbd-b04f-681d9ea1eaf1,6,36.27
1171,56e060bc-d11b-49a7-a025-a02b9978eb78,10,44.94
1171,5c587d97-bce6-4428-88b9-3953842cf153,14,9.72
1171,e64cb005-da25-4bba-9515-c9f22fc5c0ac,3,22.04
1171,0681cab2-a5a1-4ec0-bbd6-acb819d6b2f8,8,24.79
1171,dc5f7bad-fa34-41b4-90f4-929a3382ff5f,2,94.78
1171,489fe4c7-5541-482d-80e0-7ada9f4716cc,11,
1171,4b85349d-7dde-4074-9642-1c9c1f5e02e5,20,17.22
1172,550c3ca1-a22e-44fd-b5b3-d93bbca4d87f,2,76.87
1172,c552ccd8-fd38-4951-a184-79c66d52c2ff,12,22.98
1172,7ec5228e-0e1a-4fdc-a5b3-919a6ae2e695,6,69.35
1172,7f48540b-b8a5-4263-b3b4-78c38f51544f,18,49.36
1172,3082cc54-5f25-4e3c-b368-4e8e69d55049,14,9.28
1172,4840e2ac-9969-43c1-8bf9-bd1319ff88ad,13,1.43
1172,8820d77f-fe2d-47f7-a17b-1857cd24e7ce,2,
1172,f222887c-b71f-4979-a318-935ec036d898,15,18.38
1172,927dab0f-3c3f-4424-9b78-0254e41c66d2,5,95.6
1172,dc4a8770-1bed-4709-a853-7c318e33622a,15,62.53
1172,93058f16-d7b7-455b-8cc2-4be5036d5028,9,47.32
1172,c058acb8-15ff-4f19-a1a9-c3f1f3333dd2,4,96.41
1172,21aaa4b2-d68b-413b-8e07-76167a095e13,4,13.22
1172,4b109920-36de-430a-b0b3-35eab744df34,19,33.36
1173,d7442445-937c-4c51-b7c3-b0d6384c947f,9,79.68
1173,40e3feab-6309-4aca-96f7-f6cc5e227627,5,53.65
1173,4cada984-9349-4b8a-9d0a-023e95137ef7,14,
1173,89bc33a1-d387-42a4-8504-f853b9d27872,15,61.12
1173,422a44ea-c65b-4e88-89bc-fd17cdfb910d,17,
1173,929ae7bf-ad26-4e39-913a-3c2d89a6909f,6,30.02
1174,8a5826dd-a9d9-4e9b-aa96-a7d1bb55a2fb,13,46.63
1174,8a5826dd-a9d9-4e9b-aa96-a7d1bb55a2fb,9,46.63
1174,6ca0bc7e-447f-417e-b0a0-6e9f7af56348,7,52.9
1174,b5efc8ee-a2be-4812-bb74-029376908811,3,62.22
1174,b5efc8ee-a2be-4812-bb74-029376908811,1,62.22
1175,52d4d0ab-bf4a-434b-a9b0-f4b364873627,5,96.65
1175,488b5bb6-0f24-465e-a63a-11f14fdf815c,4,39.02
1175,1d6f626f-38f3-4088-96ae-1c2dc7b682d4,19,31.51
1175,c552ccd8-fd38-4951-a184-79c66d52c2ff,10,22.98
1175,4519f21d-200a-40a0-8d2f-06fd853f5153,17,64.94
1175,89bc33a1-d387-42a4-8504-f853b9d27872,11,61.12
1175,4b85349d-7dde-4074-9642-1c9c1f5e02e5,1,17.22
1175,7f48540b-b8a5-4263-b3b4-78c38f51544f,1,49.36
1176,b343fb2c-600b-47ca-9d83-664d3491cafe,14,11.94
1176,3650858c-14c6-4fbd-b04f-681d9ea1eaf1,6,36.27
1177,0878662f-de11-4bc5-8759-45cf270e548d,6,42.42
1177,7ec5228e-0e1a-4fdc-a5b3-919a6ae2e695,2,69.35
1177,dc4a8770-1bed-4709-a853-7c318e33622a,18,62.53
1177,d28feae2-229f-4e2c-88cd-a16d055c098c,12,58.16
1177,54109e60-68c2-48b9-81cc-51718e32b1e2,9,74.7
1177,929ae7bf-ad26-4e39-913a-3c2d89a6909f,18,30.02
1177,550c3ca1-a22e-44fd-b5b3-d93bbca4d87f,8,76.87
1178,e64cb005-da25-4bba-9515-c9f22fc5c0ac,12,22.04
1178,c724a0df-df86-4cc4-bc0e-31b672843e77,15,49.47
1178,89bc33a1-d387-42a4-8504-f853b9d27872,17,61.12
1179,3650858c-14c6-4fbd-b04f-681d9ea1eaf1,7,36.27
1179,c552ccd8-fd38-4951-a184-79c66d52c2ff,20,22.98
1179,550c3ca1-a22e-44fd-b5b3-d93bbca4d87f,10,76.87
1179,3650858c-14c6-4fbd-b04f-681d9ea1eaf1,7,36.27
1179,21797e0e-4600-4fd9-8ca4-6d215c5a84d0,20,39.41
1179,f222887c-b71f-4979-a318-935ec036d898,12,18.38
1179,b244aa4f-b282-4ada-8623-4989b37d6656,14,15.07
1179,4840e2ac-9969-43c1-8bf9-bd1319ff88ad,19,1.43
1179,e44369a2-243d-4f3d-8468-c1c64d630c75,12,70.37
1179,1d6f626f-38f3-4088-96ae-1c2dc7b682d4,9,31.51
1179,ff1427e3-56b2-4943-a770-2f64a20b4d5c,15,43.78
1180,8820d77f-fe2d-47f7-a17b-1857cd24e7ce,5,
1180,bef325bf-00d5-4373-a676-9eb13383f29b,14,98.94
1180,115e33a9-6ec3-4aea-bb13-cd16d2e4c3ab,10,41.52
1180,115e33a9-6ec3-4aea-bb13-cd16d2e4c3ab,20,41.52
1180,dc4a8770-1bed-4709-a853-7c318e33622a,4,62.53
1180,b244aa4f-b282-4ada-8623-4989b37d6656,13,15.07
1180,c552ccd8-fd38-4951-a184-79c66d52c2ff,19,22.98
1180,e44369a2-243d-4f3d-8468-c1c64d630c75,16,70.37
1180,5c9f23e1-361a-4cb8-ac26-a42c0b34daf6,17,24.45
1180,e44369a2-243d-4f3d-8468-c1c64d630c75,1,70.37
1180,9bff7610-75ce-4138-a28a-31bc5d65b4c8,17,61.39
1181,4cada984-9349-4b8a-9d0a-023e95137ef7,9,
1181,3b955c7a-be54-441f-aa9e-5cbabed00a2c,12,7.47
1181,489fe4c7-5541-482d-80e0-7ada9f4716cc,15,
1181,0b18e076-e4ad-40fc-8973-fd7169e662d6,14,5.23
1181,8820d77f-fe2d-47f7-a17b-1857cd24e7ce,16,
1181,489fe4c7-5541-482d-80e0-7ada9f4716cc,17,
1181,dd314b03-39c4-4c7f-89bb-c4a376ff0073,9,91.16
1181,eedeb762-e0c0-4b66-974d-d0aef5d3b215,14,37.03
1181,565da6b9-811e-4b09-b593-f381285124c6,7,63.74
1181,a308e5be-2b43-4f34-9734-5eb72d3056c9,4,
1181,a3d57017-2065-4ad7-a722-58244bf9a06b,17,88.46
1181,b17342a2-f5df-4583-8d8d-7777bbc4b76c,10,9.27
1181,8820d77f-fe2d-47f7-a17b-1857cd24e7ce,14,
1182,56babced-b085-4d77-8ede-ab43a1f65202,19,65.51
1182,a794d78b-a605-40f8-a3eb-46f5a9f5cf91,10,28.0
1182,7f8b2086-7a1b-4302-b4d7-880e4620fa0c,14,2.2
1182,819cad04-4b8d-4964-9a6d-954503a7e749,1,58.49
1182,c724a0df-df86-4cc4-bc0e-31b672843e77,16,49.47
1182,1e848585-42f1-48c4-87a8-1981d0a7ce68,18,76.75
1182,4b109920-36de-430a-b0b3-35eab744df34,13,33.36
1182,a308e5be-2b43-4f34-9734-5eb72d3056c9,19,
1182,a308e5be-2b43-4f34-9734-5eb72d3056c9,20,
1182,ec699450-dcd0-4ca0-af29-2655239a9a19,13,4.6
1183,4b85349d-7dde-4074-9642-1c9c1f5e02e5,6,17.22
1183,b244aa4f-b282-4ada-8623-4989b37d6656,14,15.07
1183,e64cb005-da25-4bba-9515-c9f22fc5c0ac,20,22.04
1183,4a0a9caf-20fa-448d-9c44-4373f183b680,14,3.75
1183,ff1427e3-56b2-4943-a770-2f64a20b4d5c,19,43.78
1183,ed9df682-22b3-47ef-8fc7-74d745d30a60,20,35.01
1183,21797e0e-4600-4fd9-8ca4-6d215c5a84d0,1,39.41
1183,e64cb005-da25-4bba-9515-c9f22fc5c0ac,3,22.04
1183,dc4a8770-1bed-4709-a853-7c318e33622a,2,62.53
1183,dc4a8770-1bed-4709-a853-7c318e33622a,12,62.53
1183,b244aa4f-b282-4ada-8623-4989b37d6656,2,15.07
1183,7f8b2086-7a1b-4302-b4d7-880e4620fa0c,20,2.2
1184,819cad04-4b8d-4964-9a6d-954503a7e749,7,58.49
1184,7a442228-9188-4a8a-8482-7bb3a613d5d2,17,23.0
1184,b17342a2-f5df-4583-8d8d-7777bbc4b76c,1,9.27
1184,4cada984-9349-4b8a-9d0a-023e95137ef7,19,
1184,4b109920-36de-430a-b0b3-35eab744df34,3,33.36
1184,8a77f5b9-cbdf-44d4-bdda-e31ca7703803,18,40.71
1184,6682e541-878c-4ccb-ba57-d8662c92f0fd,18,17.87
1184,45c2fc66-26e4-4de9-acd7-a7a408b3740e,13,7.3
1184,dc5f7bad-fa34-41b4-90f4-929a3382ff5f,18,94.78
1185,21797e0e-4600-4fd9-8ca4-6d215c5a84d0,20,39.41
1186,ff1427e3-56b2-4943-a770-2f64a20b4d5c,8,43.78
1186,4519f21d-200a-40a0-8d2f-06fd853f5153,15,64.94
1186,5c9f23e1-361a-4cb8-ac26-a42c0b34daf6,13,24.45
1186,819cad04-4b8d-4964-9a6d-954503a7e749,1,58.49
1186,7f8b2086-7a1b-4302-b4d7-880e4620fa0c,15,2.2
1186,1e848585-42f1-48c4-87a8-1981d0a7ce68,13,76.75
1186,56e060bc-d11b-49a7-a025-a02b9978eb78,4,44.94
1186,df31a785-d8ac-42c9-a121-9fabbf7b422f,6,24.55
1187,c552ccd8-fd38-4951-a184-79c66d52c2ff,18,22.98
1187,3c2d38ea-7f15-41b9-8f47-2ffdbff0a370,9,51.44
1188,ed9df682-22b3-47ef-8fc7-74d745d30a60,9,35.01
1188,2ff97c53-c1d5-4ec7-8c6e-d593f4d60337,13,94.2
1188,ea8e0dc2-dc44-4f2f-8b71-9fbf374b5639,4,54.84
1188,4519f21d-200a-40a0-8d2f-06fd853f5153,4,64.94
1188,c6694282-3655-47ed-a7bf-96c817c91005,14,71.03
1188,8a5826dd-a9d9-4e9b-aa96-a7d1bb55a2fb,8,46.63
1188,927dab0f-3c3f-4424-9b78-0254e41c66d2,2,95.6
1188,21aaa4b2-d68b-413b-8e07-76167a095e13,11,13.22
1188,b5efc8ee-a2be-4812-bb74-029376908811,16,62.22
1188,16b47e78-b914-4a4a-9f2f-28d7d65f5c23,17,
1188,6ca0bc7e-447f-417e-b0a0-6e9f7af56348,2,52.9
1188,d7442445-937c-4c51-b7c3-b0d6384c947f,18,79.68
1188,3f879073-3a9c-4bed-8812-a0fca6bd6334,19,35.36
1189,575ff7ba-c0ff-41cd-9082-2eeefb03ea93,19,59.54
1189,b244aa4f-b282-4ada-8623-4989b37d6656,2,15.07
1189,4b85349d-7dde-4074-9642-1c9c1f5e02e5,16,17.22
1189,d3fbd332-b244-4170-a5c9-a65e727ca9d5,11,20.8
1189,3047a714-d20a-49c5-ae92-0e21d3453527,6,36.2
1189,5c9f23e1-361a-4cb8-ac26-a42c0b34daf6,20,24.45
1189,e44369a2-243d-4f3d-8468-c1c64d630c75,14,70.37
1189,dc4a8770-1bed-4709-a853-7c318e33622a,15,62.53
1189,b17342a2-f5df-4583-8d8d-7777bbc4b76c,9,9.27
1189,1d6f626f-38f3-4088-96ae-1c2dc7b682d4,6,31.51
1190,234de2c7-a8a7-41a0-afec-46b4acc4cb72,20,69.35
1190,d63b0116-e6ec-4c6b-9cec-47d85a5bd07e,20,25.18
1190,927dab0f-3c3f-4424-9b78-0254e41c66d2,8,95.6
1190,5c9f23e1-361a-4cb8-ac26-a42c0b34daf6,13,24.45
1190,93024067-2c48-4bfb-9b23-cf9775e69932,18,57.39
1190,93024067-2c48-4bfb-9b23-cf9775e69932,15,57.39
1190,89bc33a1-d387-42a4-8504-f853b9d27872,20,61.12
1190,4840e2ac-9969-43c1-8bf9-bd1319ff88ad,20,1.43
1190,7f8b2086-7a1b-4302-b4d7-880e4620fa0c,8,2.2
1191,ea8e0dc2-dc44-4f2f-8b71-9fbf374b5639,4,54.84
1191,2ff97c53-c1d5-4ec7-8c6e-d593f4d60337,3,94.2
1191,2c231196-d843-4324-a763-538247db7d1f,9,10.74
1191,7ec5228e-0e1a-4fdc-a5b3-919a6ae2e695,5,69.35
1191,93058f16-d7b7-455b-8cc2-4be5036d5028,2,47.32
1191,7f8b2086-7a1b-4302-b4d7-880e4620fa0c,7,2.2
1191,927dab0f-3c3f-4424-9b78-0254e41c66d2,4,95.6
1191,5984e855-c842-4be2-83df-25aefa6fe2b2,11,24.53
1191,4b85349d-7dde-4074-9642-1c9c1f5e02e5,18,17.22
1191,f222887c-b71f-4979-a318-935ec036d898,1,18.38
1191,16b47e78-b914-4a4a-9f2f-28d7d65f5c23,14,
1191,2abfb4bd-687e-4d40-ac6c-eafb693e1220,5,41.99
1191,93058f16-d7b7-455b-8cc2-4be5036d5028,8,47.32
1191,c552ccd8-fd38-4951-a184-79c66d52c2ff,12,22.98
1192,e44369a2-243d-4f3d-8468-c1c64d630c75,17,70.37
1192,eedeb762-e0c0-4b66-974d-d0aef5d3b215,2,37.03
1192,1d6f626f-38f3-4088-96ae-1c2dc7b682d4,13,31.51
1192,a308e5be-2b43-4f34-9734-5eb72d3056c9,13,
1192,56babced-b085-4d77-8ede-ab43a1f65202,1,65.51
1192,e0a3ba5d-5301-422b-8b96-d3c4b61d2109,17,8.58
1192,489fe4c7-5541-482d-80e0-7ada9f4716cc,11,
1192,7a442228-9188-4a8a-8482-7bb3a613d5d2,8,23.0
1193,7f8b2086-7a1b-4302-b4d7-880e4620fa0c,6,2.2
1193,8820d77f-fe2d-47f7-a17b-1857cd24e7ce,16,
1194,454d8ac9-31bf-4a29-9c9e-11b020e90385,18,67.65
1194,bef325bf-00d5-4373-a676-9eb13383f29b,20,98.94
1194,4519f21d-200a-40a0-8d2f-06fd853f5153,5,64.94
1194,3c3a4846-4cfa-49b7-967b-71d7e5e95388,15,86.22
1194,0b18e076-e4ad-40fc-8973-fd7169e662d6,13,5.23
1194,dc4a8770-1bed-4709-a853-7c318e33622a,4,62.53
1194,1d6f626f-38f3-4088-96ae-1c2dc7b682d4,18,31.51
1194,3c3a4846-4cfa-49b7-967b-71d7e5e95388,1,86.22
1194,7f48540b-b8a5-4263-b3b4-78c38f51544f,1,49.36
1194,550c3ca1-a22e-44fd-b5b3-d93bbca4d87f,13,76.87
1194,47c4f2b1-fdb1-44c1-a076-9893b7c90c69,20,48.93
1194,4a0a9caf-20fa-448d-9c44-4373f183b680,11,3.75
1194,2abfb4bd-687e-4d40-ac6c-eafb693e1220,18,41.99
1195,05342617-f3bf-47d5-a704-54d08ff4796b,2,30.37
1195,c058acb8-15ff-4f19-a1a9-c3f1f3333dd2,4,96.41
1195,3b955c7a-be54-441f-aa9e-5cbabed00a2c,19,7.47
1195,0878662f-de11-4bc5-8759-45cf270e548d,12,42.42
1195,21797e0e-4600-4fd9-8ca4-6d215c5a84d0,5,39.41
1195,9bff7610-75ce-4138-a28a-31bc5d65b4c8,20,61.39
1195,929ae7bf-ad26-4e39-913a-3c2d89a6909f,11,30.02
1196,b5efc8ee-a2be-4812-bb74-029376908811,8,62.22
1196,f9fc92ef-ce0d-4ea1-97b6-44806af9bb83,17,62.04
1196,889ac4bc-4ae5-43a3-9a8b-7edd922cb9b3,6,
1196,e8be28d0-8d7c-405a-b95b-76632b8451e5,12,57.32
1197,7ec5228e-0e1a-4fdc-a5b3-919a6ae2e695,6,69.35
1197,dc4a8770-1bed-4709-a853-7c318e33622a,3,62.53
1197,4519f21d-200a-40a0-8d2f-06fd853f5153,4,64.94
1197,16b47e78-b914-4a4a-9f2f-28d7d65f5c23,7,
1197,4840e2ac-9969-43c1-8bf9-bd1319ff88ad,16,1.43
1197,e64cb005-da25-4bba-9515-c9f22fc5c0ac,5,22.04
1197,1e848585-42f1-48c4-87a8-1981d0a7ce68,13,76.75
1197,b244aa4f-b282-4ada-8623-4989b37d6656,2,15.07
1197,550c3ca1-a22e-44fd-b5b3-d93bbca4d87f,19,76.87
1198,2c231196-d843-4324-a763-538247db7d1f,18,10.74
1198,489fe4c7-5541-482d-80e0-7ada9f4716cc,6,
1198,f98783e3-ffcd-44bb-b768-7d2487e42d3b,17,75.06
1198,bef325bf-00d5-4373-a676-9eb13383f29b,7,98.94
1198,454d8ac9-31bf-4a29-9c9e-11b020e90385,20,67.65
1198,b17342a2-f5df-4583-8d8d-7777bbc4b76c,17,9.27
1198,8d71d44f-afe6-44f5-be9b-7b038b4afb45,6,90.22
1198,89bc33a1-d387-42a4-8504-f853b9d27872,13,61.12
1198,3047a714-d20a-49c5-ae92-0e21d3453527,10,36.2
1198,0878662f-de11-4bc5-8759-45cf270e548d,20,42.42
1198,422a44ea-c65b-4e88-89bc-fd17cdfb910d,12,
1198,575ff7ba-c0ff-41cd-9082-2eeefb03ea93,16,59.54
1198,e8be28d0-8d7c-405a-b95b-76632b8451e5,2,57.32
1198,7d829d81-f579-45cc-acbe-8e03bf98095d,5,95.42
1199,927dab0f-3c3f-4424-9b78-0254e41c66d2,3,95.6
1199,a3d57017-2065-4ad7-a722-58244bf9a06b,12,88.46
1200,489fe4c7-5541-482d-80e0-7ada9f4716cc,15,
1200,45c2fc66-26e4-4de9-acd7-a7a408b3740e,8,7.3
1200,a3d57017-2065-4ad7-a722-58244bf9a06b,2,88.46
1200,f9fc92ef-ce0d-4ea1-97b6-44806af9bb83,9,62.04
1200,489fe4c7-5541-482d-80e0-7ada9f4716cc,8,
1200,16b47e78-b914-4a4a-9f2f-28d7d65f5c23,19,
1200,8a5826dd-a9d9-4e9b-aa96-a7d1bb55a2fb,11,46.63
1200,1e848585-42f1-48c4-87a8-1981d0a7ce68,18,76.75
1200,889ac4bc-4ae5-43a3-9a8b-7edd922cb9b3,5,
1200,d63b0116-e6ec-4c6b-9cec-47d85a5bd07e,7,25.18
1200,9bff7610-75ce-4138-a28a-31bc5d65b4c8,4,61.39
1200,eedeb762-e0c0-4b66-974d-d0aef5d3b215,11,37.03
1200,b5efc8ee-a2be-4812-bb74-029376908811,10,62.22
1201,e44369a2-243d-4f3d-8468-c1c64d630c75,4,70.37
1201,3f879073-3a9c-4bed-8812-a0fca6bd6334,5,35.36
1201,0878662f-de11-4bc5-8759-45cf270e548d,1,42.42
1201,b17342a2-f5df-4583-8d8d-7777bbc4b76c,16,9.27
1201,2ff97c53-c1d5-4ec7-8c6e-d593f4d60337,7,94.2
1201,f222887c-b71f-4979-a318-935ec036d898,11,18.38
1201,0878662f-de11-4bc5-8759-45cf270e548d,3,42.42
1201,8a77f5b9-cbdf-44d4-bdda-e31ca7703803,2,40.71
1201,05342617-f3bf-47d5-a704-54d08ff4796b,18,30.37
1202,b343fb2c-600b-47ca-9d83-664d3491cafe,17,11.94
1203,454d8ac9-31bf-4a29-9c9e-11b020e90385,5,67.65
1203,f98783e3-ffcd-44bb-b768-7d2487e42d3b,15,75.06
1203,8d71d44f-afe6-44f5-be9b-7b038b4afb45,13,90.22
1203,c527b44e-0d6f-43f7-ba2d-364050026e89,19,33.8
1203,3082cc54-5f25-4e3c-b368-4e8e69d55049,19,9.28
1203,54109e60-68c2-48b9-81cc-51718e32b1e2,6,74.7
1203,2abfb4bd-687e-4d40-ac6c-eafb693e1220,1,41.99
1203,8820d77f-fe2d-47f7-a17b-1857cd24e7ce,7,
1204,e64cb005-da25-4bba-9515-c9f22fc5c0ac,15,22.04
1204,4b109920-36de-430a-b0b3-35eab744df34,17,33.36
1205,21aaa4b2-d68b-413b-8e07-76167a095e13,6,13.22
1205,7f8b2086-7a1b-4302-b4d7-880e4620fa0c,13,2.2
1205,f98783e3-ffcd-44bb-b768-7d2487e42d3b,5,75.06
1205,7d829d81-f579-45cc-acbe-8e03bf98095d,1,95.42
1205,2c231196-d843-4324-a763-538247db7d1f,11,10.74
1205,a308e5be-2b43-4f34-9734-5eb72d3056c9,1,
1205,ed9df682-22b3-47ef-8fc7-74d745d30a60,7,35.01
1205,c552ccd8-fd38-4951-a184-79c66d52c2ff,12,22.98
1205,a794d78b-a605-40f8-a3eb-46f5a9f5cf91,15,28.0
1205,40e3feab-6309-4aca-96f7-f6cc5e227627,15,53.65
1205,e44369a2-243d-4f3d-8468-c1c64d630c75,17,70.37
1205,255d9a40-8fce-4c0d-a214-dfb1d73cf4c3,13,69.54
1205,ec699450-dcd0-4ca0-af29-2655239a9a19,4,4.6
1206,c724a0df-df86-4cc4-bc0e-31b672843e77,16,49.47
1206,7f8b2086-7a1b-4302-b4d7-880e4620fa0c,10,2.2
1206,2c231196-d843-4324-a763-538247db7d1f,16,10.74
1206,4519f21d-200a-40a0-8d2f-06fd853f5153,9,64.94
1206,819cad04-4b8d-4964-9a6d-954503a7e749,10,58.49
1206,234de2c7-a8a7-41a0-afec-46b4acc4cb72,13,69.35
1206,1d6f626f-38f3-4088-96ae-1c2dc7b682d4,18,31.51
1206,8d71d44f-afe6-44f5-be9b-7b038b4afb45,17,90.22
1206,e44369a2-243d-4f3d-8468-c1c64d630c75,8,70.37
1206,e64cb005-da25-4bba-9515-c9f22fc5c0ac,4,22.04
1207,4cada984-9349-4b8a-9d0a-023e95137ef7,3,
1207,b17342a2-f5df-4583-8d8d-7777bbc4b76c,15,9.27
1207,9bff7610-75ce-4138-a28a-31bc5d65b4c8,10,61.39
1207,488b5bb6-0f24-465e-a63a-11f14fdf815c,1,39.02
1207,f222887c-b71f-4979-a318-935ec036d898,14,18.38
1207,f9fc92ef-ce0d-4ea1-97b6-44806af9bb83,4,62.04
1207,56babced-b085-4d77-8ede-ab43a1f65202,7,65.51
1207,489fe4c7-5541-482d-80e0-7ada9f4716cc,9,
1207,6ca0bc7e-447f-417e-b0a0-6e9f7af56348,10,52.9
1207,565da6b9-811e-4b09-b593-f381285124c6,3,63.74
1207,dc5f7bad-fa34-41b4-90f4-929a3382ff5f,2,94.78
1207,21797e0e-4600-4fd9-8ca4-6d215c5a84d0,3,39.41
1208,eedeb762-e0c0-4b66-974d-d0aef5d3b215,4,37.03
1208,be5eafa5-99ba-4cd3-b71d-b9c5b0dd76ea,17,79.24
1208,e0a3ba5d-5301-422b-8b96-d3c4b61d2109,3,8.58
1208,8d71d44f-afe6-44f5-be9b-7b038b4afb45,6,90.22
1208,e8be28d0-8d7c-405a-b95b-76632b8451e5,18,57.32
1208,819cad04-4b8d-4964-9a6d-954503a7e749,2,58.49
1208,ea8e0dc2-dc44-4f2f-8b71-9fbf374b5639,16,54.84
1208,889ac4bc-4ae5-43a3-9a8b-7edd922cb9b3,11,
1208,565da6b9-811e-4b09-b593-f381285124c6,7,63.74
1209,b343fb2c-600b-47ca-9d83-664d3491cafe,2,11.94
1209,45c2fc66-26e4-4de9-acd7-a7a408b3740e,6,7.3
1209,16b47e78-b914-4a4a-9f2f-28d7d65f5c23,2,
1209,40e3feab-6309-4aca-96f7-f6cc5e227627,8,53.65
1209,889ac4bc-4ae5-43a3-9a8b-7edd922cb9b3,9,
1209,3b955c7a-be54-441f-aa9e-5cbabed00a2c,19,7.47
1209,8a77f5b9-cbdf-44d4-bdda-e31ca7703803,18,40.71
1209,7d829d81-f579-45cc-acbe-8e03bf98095d,11,95.42
1209,927dab0f-3c3f-4424-9b78-0254e41c66d2,14,95.6
1209,3c3a4846-4cfa-49b7-967b-71d7e5e95388,5,86.22
1209,40e3feab-6309-4aca-96f7-f6cc5e227627,1,53.65
1210,ea8e0dc2-dc44-4f2f-8b71-9fbf374b5639,1,54.84
1210,c552ccd8-fd38-4951-a184-79c66d52c2ff,20,22.98
1210,8a77f5b9-cbdf-44d4-bdda-e31ca7703803,9,40.71
1211,16b47e78-b914-4a4a-9f2f-28d7d65f5c23,15,
1211,05342617-f3bf-47d5-a704-54d08ff4796b,5,30.37
1211,8a5826dd-a9d9-4e9b-aa96-a7d1bb55a2fb,14,46.63
1211,56e060bc-d11b-49a7-a025-a02b9978eb78,15,44.94
1211,a3d57017-2065-4ad7-a722-58244bf9a06b,9,88.46
1212,0878662f-de11-4bc5-8759-45cf270e548d,16,42.42
1212,1d6f626f-38f3-4088-96ae-1c2dc7b682d4,19,31.51
1212,eedeb762-e0c0-4b66-974d-d0aef5d3b215,6,37.03
1212,e64cb005-da25-4bba-9515-c9f22fc5c0ac,3,22.04
1212,ed9df682-22b3-47ef-8fc7-74d745d30a60,5,35.01
1212,b5efc8ee-a2be-4812-bb74-029376908811,18,62.22
1212,eedeb762-e0c0-4b66-974d-d0aef5d3b215,8,37.03
1213,e64cb005-da25-4bba-9515-c9f22fc5c0ac,2,22.04
1213,8820d77f-fe2d-47f7-a17b-1857cd24e7ce,13,
1213,e64cb005-da25-4bba-9515-c9f22fc5c0ac,13,22.04
1213,2c231196-d843-4324-a763-538247db7d1f,10,10.74
1214,575ff7ba-c0ff-41cd-9082-2eeefb03ea93,20,59.54
1214,b343fb2c-600b-47ca-9d83-664d3491cafe,6,11.94
1214,7d829d81-f579-45cc-acbe-8e03bf98095d,19,95.42
1214,c058acb8-15ff-4f19-a1a9-c3f1f3333dd2,5,96.41
1214,575ff7ba-c0ff-41cd-9082-2eeefb03ea93,17,59.54
1214,c724a0df-df86-4cc4-bc0e-31b672843e77,11,49.47
1214,56e060bc-d11b-49a7-a025-a02b9978eb78,19,44.94
1214,4a0a9caf-20fa-448d-9c44-4373f183b680,13,3.75
1214,d28feae2-229f-4e2c-88cd-a16d055c098c,13,58.16
